Rule,Discrimination Score,Pos Robustness,Neg Robustness,Percent Class +,Percent Class -,TP,TN,FP,FN,Actual Yes,Actual No,Predicted Yes,Predicted No,TPR/Sens,TNR/Spec,FPR,Precision,Accuracy,MCR,Class
"G[0,0]((Pt_A1cGoalLevelDsYr5 >= 0.000 -> HeightCm >= 0.000) | SMBGperDayPtMeterCombo <= 0.000)
",0.000,0.000,0.000,1.000,0.000,1,0,0,0,1,0,1,0,1.0,0.0,0.0,1.0,2.0,-1.0,1
"G[0,0](GFR <= 0.000 -> Pt_A1cGoalLev <= 0.000)
",0.000,0.000,0.000,1.000,0.000,1,0,0,0,1,0,1,0,1.0,0.0,0.0,1.0,2.0,-1.0,1
"G[0,0](Pt_MotherT1D >= 0.000 -> Pt_GrandparentT1D >= 0.000)
",0.000,0.000,0.000,1.000,0.000,1,0,0,0,1,0,1,0,1.0,0.0,0.0,1.0,2.0,-1.0,1
"F[0,0]((Pt_A1cGoalLevelDsYr5 >= 0.000 & HDL <= 215.000) & BGTestAvgNumMeter >= 215.000)
",0.000,0.000,0.000,0.000,1.000,1,0,0,0,1,0,1,0,1.0,0.0,0.0,1.0,2.0,-1.0,-1
"((HbA1cImputeDtMnC <= 0.000) U[0,0] (age <= 0.000))
",0.000,0.000,0.000,0.000,1.000,1,0,0,0,1,0,1,0,1.0,0.0,0.0,1.0,2.0,-1.0,-1
"((Pt_InsGov > 0.000) U[0,0] (Pt_SHFlg = 0.398))
",0.000,0.000,0.000,0.000,1.000,1,0,0,0,1,0,1,0,1.0,0.0,0.0,1.0,2.0,-1.0,-1
"F[0,0](NumPumpBolusOrShortAct >= 1.000 & AutonomicNeuroCl <= 8.800)
",0.000,0.000,0.000,0.000,1.000,1,0,0,0,1,0,1,0,1.0,0.0,0.0,1.0,2.0,-1.0,-1
"((HbA1cImputeDtMnC >= 0.000) U[0,0] (AlbCreatRat_mggNew >= 11.000))
",0.000,0.000,0.000,0.000,1.000,1,0,0,0,1,0,1,0,1.0,0.0,0.0,1.0,2.0,-1.0,-1
"F[0,0](diagAgeCombo >= 0.000 -> Pt_SHFlg = 0.398)
",0.000,0.000,0.000,0.000,1.000,1,0,0,0,1,0,1,0,1.0,0.0,0.0,1.0,2.0,-1.0,-1
"((Pt_DKAFlg >= 0.000) U[0,0] (Pt_SHFlg = 0.398))
",0.000,0.000,0.000,0.000,1.000,1,0,0,0,1,0,1,0,1.0,0.0,0.0,1.0,2.0,-1.0,-1
"F[0,0](Pt_GrandchildT1D >= 0.000 & Pt_SHFlg = 0.398)
",0.000,0.000,0.000,0.000,1.000,1,0,0,0,1,0,1,0,1.0,0.0,0.0,1.0,2.0,-1.0,-1
"F[0,0]((age <= 0.000 & AutonomicNeuroCl >= 8.800) & bmiZscore >= 8.800)
",0.000,0.000,0.000,0.000,1.000,1,0,0,0,1,0,1,0,1.0,0.0,0.0,1.0,2.0,-1.0,-1
"F[0,0](UnitsInsBasalOrLongAct < 6.000 & Pt_SHFlg = 0.398)
",0.000,0.000,0.000,0.000,1.000,1,0,0,0,1,0,1,0,1.0,0.0,0.0,1.0,2.0,-1.0,-1
"F[0,0]((Pt_InsGov >= 0.000 & AlbCreatRat_mggNew >= 11.000) & BldPrSys >= 11.000)
",0.000,0.000,0.000,0.000,1.000,1,0,0,0,1,0,1,0,1.0,0.0,0.0,1.0,2.0,-1.0,-1
"G[0,0](Pt_A1cGoalLev >= 0.000 | GFR >= 0.000)
",0.000,0.000,0.000,1.000,0.000,1,0,0,0,1,0,1,0,1.0,0.0,0.0,1.0,2.0,-1.0,1
"G[0,0]((WeightKg >= 0.000 | bmi >= 0.000) -> UnitsInsBasalOrLongAct <= 6.000)
",0.000,0.000,0.000,1.000,0.000,1,0,0,0,1,0,1,0,1.0,0.0,0.0,1.0,2.0,-1.0,1
"G[0,0](((TSH <= 0.000 & Pt_SiblingT1D <= 0.000) | WeightKg <= 0.000) | Triglyc <= 0.000)
",0.000,0.000,0.000,1.000,0.000,1,0,0,0,1,0,1,0,1.0,0.0,0.0,1.0,2.0,-1.0,1
"G[0,0]((Pt_ChildT1D >= 0.000 -> Pt_DKAFlg <= 0.000) & bmi <= 0.000)
",0.000,0.000,0.000,1.000,0.000,1,0,0,0,1,0,1,0,1.0,0.0,0.0,1.0,2.0,-1.0,1
"G[0,0](((HbA1cImputeDtMnC >= 0.000 | HeightCm >= 0.000) & BGTestAvgNumMeter <= 0.000) -> bmiPerc >= 0.000)
",0.000,0.000,0.000,1.000,0.000,1,0,0,0,1,0,1,0,1.0,0.0,0.0,1.0,2.0,-1.0,1
"G[0,0]((BGTestAvgNumPtRep <= 0.000 & TotChol <= 45.000) | BGTestAvgNumPtRep <= 45.000)
",0.000,0.000,0.000,1.000,0.000,1,0,0,0,1,0,1,0,1.0,0.0,0.0,1.0,2.0,-1.0,1
"G[0,0](diabDur >= 34.000 | WeightKg >= 0.000)
",0.000,0.000,0.000,1.000,0.000,1,0,0,0,1,0,1,0,1.0,0.0,0.0,1.0,2.0,-1.0,1
"G[0,0]((BUN >= 164.000 & Pt_FatherT1D <= 0.000) -> BldPrSys <= 0.000)
",0.000,0.000,0.000,1.000,0.000,1,0,0,0,1,0,1,0,1.0,0.0,0.0,1.0,2.0,-1.0,1
"G[0,0](((diabDur >= 34.000 & Pt_SHFlg >= 0.398) -> HbA1c <= 0.398) | Pt_FatherT1D >= 0.398)
",0.000,0.000,0.000,1.000,0.000,1,0,0,0,1,0,1,0,1.0,0.0,0.0,1.0,2.0,-1.0,1
"G[0,0]((LDL <= 0.000 | Pt_SHFlg >= 0.398) | age >= 0.398)
",0.000,0.000,0.000,1.000,0.000,1,0,0,0,1,0,1,0,1.0,0.0,0.0,1.0,2.0,-1.0,1
"G[0,0](BldPrSys <= 0.000 -> diagAgeCombo >= 0.000)
",0.000,0.000,0.000,1.000,0.000,1,0,0,0,1,0,1,0,1.0,0.0,0.0,1.0,2.0,-1.0,1
"((Pt_ChildT1D <= 0.000) U[2,2] (diabDur >= 34.000))
",0.000,0.000,0.000,0.000,1.000,0,0,0,1,1,0,0,1,0.0,0.0,0.0,0.0,0.0,1.0,-1
"F[1,1](Pt_ChildT1D <= 0.000 & Pt_A1cGoalLevelDsYr5 <= 0.000)
",0.000,0.000,0.000,0.000,1.000,0,0,0,1,1,0,0,1,0.0,0.0,0.0,0.0,0.0,1.0,-1
"((bmi >= 0.000) U[0,2] (Pt_ChildT1D <= 0.000))
",0.000,0.000,0.000,0.000,1.000,0,0,0,1,1,0,0,1,0.0,0.0,0.0,0.0,0.0,1.0,-1
"F[0,1]((SMBGperDayPtMeterCombo >= 57.000 | BGTestAvgNumMeter >= 0.000) -> BGTestAvgNumPtRep >= 0.000)
",0.000,0.000,0.000,0.000,1.000,0,0,0,1,1,0,0,1,0.0,0.0,0.0,0.0,0.0,1.0,-1
"F[0,1](diabDur >= 34.000 & bmiPerc <= 0.000)
",0.000,0.000,0.000,0.000,1.000,0,0,0,1,1,0,0,1,0.0,0.0,0.0,0.0,0.0,1.0,-1
"((BldPrSys >= 0.000) U[0,1] (Pt_GrandparentT1D >= 0.000))
",0.000,0.000,0.000,0.000,1.000,0,0,0,1,1,0,0,1,0.0,0.0,0.0,0.0,0.0,1.0,-1
"F[0,1]((diagAgeCombo <= 0.000 | AlbCreatRat_mggNew >= 11.000) & Triglyc <= 11.000)
",0.000,0.000,0.000,0.000,1.000,0,0,0,1,1,0,0,1,0.0,0.0,0.0,0.0,0.0,1.0,-1
"F[0,1](DirectLDL >= 0.000 -> NumPumpBolusOrShortAct <= 1.000)
",0.000,0.000,0.000,0.000,1.000,0,0,0,1,1,0,0,1,0.0,0.0,0.0,0.0,0.0,1.0,-1
"F[0,1](AutonomicNeuroCl <= 8.800 -> bmi <= 0.000)
",0.000,0.000,0.000,0.000,1.000,0,0,0,1,1,0,0,1,0.0,0.0,0.0,0.0,0.0,1.0,-1
"F[0,1](((Triglyc >= 0.000 -> TotChol <= 45.000) -> Pt_SiblingT1D <= 45.000) | diabDur <= 45.000)
",0.000,0.000,0.000,0.000,1.000,0,0,0,1,1,0,0,1,0.0,0.0,0.0,0.0,0.0,1.0,-1
"F[0,1]((Pt_A1cGoalLevelDsYr5 >= 0.000 -> Pt_SiblingT1D <= 0.000) | Pt_CGMUseNumDays <= 0.000)
",0.000,0.000,0.000,0.000,1.000,0,0,0,1,1,0,0,1,0.0,0.0,0.0,0.0,0.0,1.0,-1
"F[1,2](WeightKg <= 0.000 | WeightKg >= 0.000)
",0.000,0.000,0.000,0.000,1.000,0,0,0,1,1,0,0,1,0.0,0.0,0.0,0.0,0.0,1.0,-1
"F[0,2](((HeightCm >= 0.000 & TotChol <= 45.000) -> UnitsInsBasalOrLongAct >= 45.000) & age <= 45.000)
",0.000,0.000,0.000,0.000,1.000,0,0,0,1,1,0,0,1,0.0,0.0,0.0,0.0,0.0,1.0,-1
"((Pt_GrandparentT1D >= 0.000) U[0,1] (LDL <= 0.000))
",0.000,0.000,0.000,0.000,1.000,0,0,0,1,1,0,0,1,0.0,0.0,0.0,0.0,0.0,1.0,-1
"F[1,2](((Pt_GrandchildT1D >= 0.000 -> WeightKg >= 0.000) -> GFR >= 0.000) | Pt_MotherT1D >= 0.000)
",0.000,0.000,0.000,0.000,1.000,0,0,0,1,1,0,0,1,0.0,0.0,0.0,0.0,0.0,1.0,-1
"((Pt_ChildT1D >= 0.000) U[1,2] (Pt_CGMUseNumDays >= 4313.000))
",0.000,0.000,0.000,0.000,1.000,0,0,0,1,1,0,0,1,0.0,0.0,0.0,0.0,0.0,1.0,-1
"G[0,1](((Pt_SHFlg >= 0.398 | SMBGperDayPtMeterCombo >= 57.000) -> GFR >= 57.000) & TotChol <= 57.000)
",0.000,0.000,0.000,1.000,0.000,0,0,1,0,0,1,1,0,0.0,0.0,1.0,0.0,0.0,1.0,1
"((bmiPerc >= 0.000) U[1,2] (BUN <= 164.000))
",0.000,0.000,0.000,0.000,1.000,0,0,0,1,1,0,0,1,0.0,0.0,0.0,0.0,0.0,1.0,-1
"F[0,2](((diabDur >= 34.000 | TSH <= 0.000) & WeightKg <= 0.000) -> HbA1cImputeDtMnC >= 0.000)
",0.000,0.000,0.000,0.000,1.000,0,0,0,1,1,0,0,1,0.0,0.0,0.0,0.0,0.0,1.0,-1
"F[0,0](((bmi >= 0.000 | Pt_FatherT1D >= 0.000) | HbA1cImputeDtMnC <= 0.000) | TSH <= 0.000)
",0.000,0.000,0.000,0.000,1.000,0,0,0,1,1,0,0,1,0.0,0.0,0.0,0.0,0.0,1.0,-1
"F[2,2](Triglyc >= 0.000 -> Triglyc >= 0.000)
",0.000,0.000,0.000,0.000,1.000,0,0,0,1,1,0,0,1,0.0,0.0,0.0,0.0,0.0,1.0,-1
"F[0,1](Pt_A1cGoalLevelDsYr5 >= 0.000 | HbA1c >= 0.000)
",0.000,0.000,0.000,0.000,1.000,0,0,0,1,1,0,0,1,0.0,0.0,0.0,0.0,0.0,1.0,-1
"((BUN <= 164.000) U[0,2] (NumPumpBolusOrShortAct <= 1.000))
",0.000,0.000,0.000,0.000,1.000,0,0,0,1,1,0,0,1,0.0,0.0,0.0,0.0,0.0,1.0,-1
"F[1,2](((bmiPerc >= 0.000 -> TotChol <= 45.000) | Pt_SHFlg >= 45.000) | Pt_A1cGoalLevelDsYr5 >= 45.000)
",0.000,0.000,0.000,0.000,1.000,0,0,0,1,1,0,0,1,0.0,0.0,0.0,0.0,0.0,1.0,-1
"F[1,1]((SMBGperDayPtMeterCombo >= 57.000 & age <= 0.000) & WeightKg >= 0.000)
",0.000,0.000,0.000,0.000,1.000,0,0,0,1,1,0,0,1,0.0,0.0,0.0,0.0,0.0,1.0,-1
"((Pt_A1cGoalLevelDsYr5 >= 0.000) U[1,2] (age <= 0.000))
",0.000,0.000,0.000,0.000,1.000,0,0,0,1,1,0,0,1,0.0,0.0,0.0,0.0,0.0,1.0,-1
"F[0,1](((BGTestAvgNumMeter <= 0.000 & bmi >= 0.000) & diabDur >= 0.000) & Pt_SHFlg >= 0.000)
",0.000,0.000,0.000,0.000,1.000,0,0,0,1,1,0,0,1,0.0,0.0,0.0,0.0,0.0,1.0,-1
"((Pt_SiblingT1D >= 0.000) U[0,2] (Pt_GrandchildT1D >= 0.000))
",0.000,0.000,0.000,0.000,1.000,0,0,0,1,1,0,0,1,0.0,0.0,0.0,0.0,0.0,1.0,-1
"F[0,2](age >= 0.000 & bmiZscore <= 0.000)
",0.000,0.000,0.000,0.000,1.000,0,0,0,1,1,0,0,1,0.0,0.0,0.0,0.0,0.0,1.0,-1
"F[1,1](Pt_GrandparentT1D >= 0.000 & Pt_FatherT1D <= 0.000)
",0.000,0.000,0.000,0.000,1.000,0,0,0,1,1,0,0,1,0.0,0.0,0.0,0.0,0.0,1.0,-1
"((HbA1cImputeDtMnC <= 0.000) U[1,1] (Pt_SiblingT1D <= 0.000))
",0.000,0.000,0.000,0.000,1.000,0,0,0,1,1,0,0,1,0.0,0.0,0.0,0.0,0.0,1.0,-1
"F[0,1]((BGTestAvgNumPtRep >= 0.000 -> BldPrSys <= 0.000) | HbA1cImputeDtMnC >= 0.000)
",0.000,0.000,0.000,0.000,1.000,0,0,0,1,1,0,0,1,0.0,0.0,0.0,0.0,0.0,1.0,-1
"F[0,1]((BldPrDia >= 120.000 -> Pt_FatherT1D >= 0.000) | bmiPerc >= 0.000)
",0.000,0.000,0.000,0.000,1.000,0,0,0,1,1,0,0,1,0.0,0.0,0.0,0.0,0.0,1.0,-1
"F[0,2]((HDL <= 215.000 & Pt_A1cGoalLev <= 0.000) & Pt_InsGov >= 0.000)
",0.000,0.000,0.000,0.000,1.000,0,0,0,1,1,0,0,1,0.0,0.0,0.0,0.0,0.0,1.0,-1
"F[2,2]((WeightKg >= 0.000 & AutonomicNeuroCl >= 8.800) | AlbCreatRat_mggNew >= 8.800)
",0.000,0.000,0.000,0.000,1.000,0,0,0,1,1,0,0,1,0.0,0.0,0.0,0.0,0.0,1.0,-1
"F[1,1]((Pt_ChildT1D <= 0.000 -> bmiPerc <= 0.000) & HDL >= 0.000)
",0.000,0.000,0.000,0.000,1.000,0,0,0,1,1,0,0,1,0.0,0.0,0.0,0.0,0.0,1.0,-1
"F[0,0]((age <= 0.000 & HeightCm <= 0.000) -> TSH >= 0.000)
",0.000,0.000,0.000,0.000,1.000,0,0,0,1,1,0,0,1,0.0,0.0,0.0,0.0,0.0,1.0,-1
"F[0,1]((Pt_SHFlg <= 0.398 | AlbCreatRat_mggNew <= 11.000) & NumPumpBolusOrShortAct <= 11.000)
",0.000,0.000,0.000,0.000,1.000,0,0,0,1,1,0,0,1,0.0,0.0,0.0,0.0,0.0,1.0,-1
"F[0,2]((bmi <= 0.000 -> HbA1c >= 0.000) | diabDur >= 0.000)
",0.000,0.000,0.000,0.000,1.000,0,0,0,1,1,0,0,1,0.0,0.0,0.0,0.0,0.0,1.0,-1
"F[1,1](((SMBGperDayPtMeterCombo >= 57.000 & bmiZscore >= 0.000) | AutonomicNeuroCl <= 0.000) | LDL >= 0.000)
",0.000,0.000,0.000,0.000,1.000,0,0,0,1,1,0,0,1,0.0,0.0,0.0,0.0,0.0,1.0,-1
"F[2,2]((TotChol <= 45.000 -> Pt_GrandparentT1D <= 0.000) | WeightKg <= 0.000)
",0.000,0.000,0.000,0.000,1.000,0,0,0,1,1,0,0,1,0.0,0.0,0.0,0.0,0.0,1.0,-1
"F[0,1]((UnitsInsBasalOrLongAct >= 6.000 | GFR <= 0.000) & bmi <= 0.000)
",0.000,0.000,0.000,0.000,1.000,0,0,0,1,1,0,0,1,0.0,0.0,0.0,0.0,0.0,1.0,-1
"((BUN <= 164.000) U[1,1] (AlbCreatRat_mggNew >= 11.000))
",0.000,0.000,0.000,0.000,1.000,0,0,0,1,1,0,0,1,0.0,0.0,0.0,0.0,0.0,1.0,-1
"F[0,0]((Triglyc <= 0.000 & BldPrSys <= 0.000) -> Triglyc <= 0.000)
",0.000,0.000,0.000,0.000,1.000,0,0,0,1,1,0,0,1,0.0,0.0,0.0,0.0,0.0,1.0,-1
"F[0,1]((Pt_MotherT1D >= 0.000 & Pt_CGMUseNumDays <= 4313.000) -> Pt_A1cGoalLevelDsYr5 >= 4313.000)
",0.000,0.000,0.000,0.000,1.000,0,0,0,1,1,0,0,1,0.0,0.0,0.0,0.0,0.0,1.0,-1
"((BGTestAvgNumMeter >= 0.000) U[0,2] (AlbCreatRat_mggNew >= 11.000))
",0.000,0.000,0.000,0.000,1.000,0,0,0,1,1,0,0,1,0.0,0.0,0.0,0.0,0.0,1.0,-1
"F[0,1](((BUN >= 164.000 -> TSH >= 0.000) | TotChol >= 0.000) | BGTestAvgNumPtRep <= 0.000)
",0.000,0.000,0.000,0.000,1.000,0,0,0,1,1,0,0,1,0.0,0.0,0.0,0.0,0.0,1.0,-1
"F[2,2](Pt_CGMUseNumDays <= 4313.000 -> BGTestAvgNumMeter <= 0.000)
",0.000,0.000,0.000,0.000,1.000,0,0,0,1,1,0,0,1,0.0,0.0,0.0,0.0,0.0,1.0,-1
"F[1,2](((Pt_A1cGoalLevelDsYr5 >= 0.000 -> AutonomicNeuroCl >= 8.800) & Pt_FatherT1D >= 8.800) | Pt_CGMUseNumDays <= 8.800)
",0.000,0.000,0.000,0.000,1.000,0,0,0,1,1,0,0,1,0.0,0.0,0.0,0.0,0.0,1.0,-1
"F[0,0]((BGTestAvgNumMeter >= 0.000 & Pt_GrandchildT1D >= 0.000) & HbA1cImputeDtMnC >= 0.000)
",0.000,0.000,0.000,0.000,1.000,0,0,0,1,1,0,0,1,0.0,0.0,0.0,0.0,0.0,1.0,-1
"F[0,2]((Pt_GrandparentT1D <= 0.000 -> TSH >= 0.000) & diabDur <= 0.000)
",0.000,0.000,0.000,0.000,1.000,0,0,0,1,1,0,0,1,0.0,0.0,0.0,0.0,0.0,1.0,-1
"((TSH >= 0.000) U[0,2] (BldPrDia <= 120.000))
",0.000,0.000,0.000,0.000,1.000,0,0,0,1,1,0,0,1,0.0,0.0,0.0,0.0,0.0,1.0,-1
"((UnitsInsBasalOrLongAct <= 6.000) U[1,1] (Pt_A1cGoalLev >= 0.000))
",0.000,0.000,0.000,0.000,1.000,0,0,0,1,1,0,0,1,0.0,0.0,0.0,0.0,0.0,1.0,-1
"F[0,1]((BUN <= 164.000 -> bmiPerc <= 0.000) -> bmiPerc <= 0.000)
",0.000,0.000,0.000,0.000,1.000,0,0,0,1,1,0,0,1,0.0,0.0,0.0,0.0,0.0,1.0,-1
"((BUN >= 164.000) U[1,1] (Pt_GrandparentT1D <= 0.000))
",0.000,0.000,0.000,0.000,1.000,0,0,0,1,1,0,0,1,0.0,0.0,0.0,0.0,0.0,1.0,-1
"F[0,0](Pt_FatherT1D <= 0.000 | Pt_GrandchildT1D >= 0.000)
",0.000,0.000,0.000,0.000,1.000,0,0,0,1,1,0,0,1,0.0,0.0,0.0,0.0,0.0,1.0,-1
"F[1,2](((TotalDailyInsPerKg >= 33.000 & Pt_SiblingT1D >= 0.000) & Pt_GrandparentT1D <= 0.000) & Pt_A1cGoalLev >= 0.000)
",0.000,0.000,0.000,0.000,1.000,0,0,0,1,1,0,0,1,0.0,0.0,0.0,0.0,0.0,1.0,-1
"F[0,2]((bmi <= 0.000 | BldPrDia >= 120.000) -> TSH <= 120.000)
",0.000,0.000,0.000,0.000,1.000,0,0,0,1,1,0,0,1,0.0,0.0,0.0,0.0,0.0,1.0,-1
"F[2,2](((HDL <= 215.000 & Triglyc <= 0.000) | TotalDailyInsPerKg >= 0.000) | bmi <= 0.000)
",0.000,0.000,0.000,0.000,1.000,0,0,0,1,1,0,0,1,0.0,0.0,0.0,0.0,0.0,1.0,-1
"F[1,2](((Pt_SiblingT1D >= 0.000 & BGTestAvgNumPtRep >= 0.000) & TSH >= 0.000) & Pt_A1cGoalLevelDsYr5 >= 0.000)
",0.000,0.000,0.000,0.000,1.000,0,0,0,1,1,0,0,1,0.0,0.0,0.0,0.0,0.0,1.0,-1
"F[0,2](((BldPrDia >= 120.000 | BldPrSys >= 0.000) & TotChol <= 0.000) -> TotalDailyInsPerKg <= 0.000)
",0.000,0.000,0.000,0.000,1.000,0,0,0,1,1,0,0,1,0.0,0.0,0.0,0.0,0.0,1.0,-1
"F[0,1]((Pt_CGMUseNumDays <= 4313.000 & HeightCm >= 0.000) | HbA1cImputeDtMnC >= 0.000)
",0.000,0.000,0.000,0.000,1.000,0,0,0,1,1,0,0,1,0.0,0.0,0.0,0.0,0.0,1.0,-1
"F[0,1](((BGTestAvgNumMeter <= 0.000 -> LDL >= 0.000) & BUN >= 0.000) | Pt_SiblingT1D <= 0.000)
",0.000,0.000,0.000,0.000,1.000,0,0,0,1,1,0,0,1,0.0,0.0,0.0,0.0,0.0,1.0,-1
"F[0,2](((WeightKg <= 0.000 -> LDL >= 0.000) & LDL >= 0.000) -> Pt_SHFlg <= 0.000)
",0.000,0.000,0.000,0.000,1.000,0,0,0,1,1,0,0,1,0.0,0.0,0.0,0.0,0.0,1.0,-1
"F[0,0](((WeightKg <= 0.000 & TotalDailyInsPerKg >= 33.000) -> SMBGperDayPtMeterCombo >= 33.000) | Pt_SHFlg >= 33.000)
",0.000,0.000,0.000,0.000,1.000,0,0,0,1,1,0,0,1,0.0,0.0,0.0,0.0,0.0,1.0,-1
"((AlbCreatRat_mggNew >= 11.000) U[2,2] (Triglyc >= 0.000))
",0.000,0.000,0.000,0.000,1.000,0,0,0,1,1,0,0,1,0.0,0.0,0.0,0.0,0.0,1.0,-1
"F[0,1]((WeightKg >= 0.000 | TotalDailyInsPerKg <= 33.000) & AlbCreatRat_mggNew >= 33.000)
",0.000,0.000,0.000,0.000,1.000,0,0,0,1,1,0,0,1,0.0,0.0,0.0,0.0,0.0,1.0,-1
"F[1,2](Pt_MotherT1D <= 0.000 -> bmiPerc <= 0.000)
",0.000,0.000,0.000,0.000,1.000,0,0,0,1,1,0,0,1,0.0,0.0,0.0,0.0,0.0,1.0,-1
"((Pt_A1cGoalLevelDsYr5 >= 0.000) U[1,2] (Pt_A1cGoalLev <= 0.000))
",0.000,0.000,0.000,0.000,1.000,0,0,0,1,1,0,0,1,0.0,0.0,0.0,0.0,0.0,1.0,-1
"((Pt_A1cGoalLev <= 0.000) U[2,2] (bmi <= 0.000))
",0.000,0.000,0.000,0.000,1.000,0,0,0,1,1,0,0,1,0.0,0.0,0.0,0.0,0.0,1.0,-1
"((age >= 0.000) U[0,2] (DirectLDL >= 0.000))
",0.000,0.000,0.000,0.000,1.000,0,0,0,1,1,0,0,1,0.0,0.0,0.0,0.0,0.0,1.0,-1
"((bmiZscore >= 0.000) U[0,2] (LDL <= 0.000))
",0.000,0.000,0.000,0.000,1.000,0,0,0,1,1,0,0,1,0.0,0.0,0.0,0.0,0.0,1.0,-1
"((Pt_InsGov >= 0.000) U[1,2] (BGTestAvgNumPtRep <= 0.000))
",0.000,0.000,0.000,0.000,1.000,0,0,0,1,1,0,0,1,0.0,0.0,0.0,0.0,0.0,1.0,-1
"F[0,2](((UnitsInsBasalOrLongAct >= 6.000 | AlbCreatRat_mggNew >= 11.000) & Pt_CGMUseNumDays <= 11.000) -> WeightKg <= 11.000)
",0.000,0.000,0.000,0.000,1.000,0,0,0,1,1,0,0,1,0.0,0.0,0.0,0.0,0.0,1.0,-1
"F[1,1]((HDL >= 215.000 -> HbA1c <= 0.000) -> BGTestAvgNumPtRep <= 0.000)
",0.000,0.000,0.000,0.000,1.000,0,0,0,1,1,0,0,1,0.0,0.0,0.0,0.0,0.0,1.0,-1
"F[0,2](((AlbCreatRat_mggNew <= 11.000 | Pt_FatherT1D >= 0.000) -> TSH <= 0.000) -> AutonomicNeuroCl <= 0.000)
",0.000,0.000,0.000,0.000,1.000,0,0,0,1,1,0,0,1,0.0,0.0,0.0,0.0,0.0,1.0,-1
"F[0,0](((age <= 0.000 -> AlbCreatRat_mggNew <= 11.000) -> diabDur >= 11.000) -> Pt_DKAFlg <= 11.000)
",0.000,0.000,0.000,0.000,1.000,0,0,0,1,1,0,0,1,0.0,0.0,0.0,0.0,0.0,1.0,-1
"((Pt_MotherT1D <= 0.000) U[1,2] (SMBGperDayPtMeterCombo >= 57.000))
",0.000,0.000,0.000,0.000,1.000,0,0,0,1,1,0,0,1,0.0,0.0,0.0,0.0,0.0,1.0,-1
"F[0,2](((Pt_GrandparentT1D <= 0.000 -> Pt_ChildT1D <= 0.000) & WeightKg <= 0.000) | SMBGperDayPtMeterCombo <= 0.000)
",0.000,0.000,0.000,0.000,1.000,0,0,0,1,1,0,0,1,0.0,0.0,0.0,0.0,0.0,1.0,-1
"F[1,1](((BUN >= 164.000 -> Pt_A1cGoalLev >= 0.000) | TSH <= 0.000) & SMBGperDayPtMeterCombo >= 0.000)
",0.000,0.000,0.000,0.000,1.000,0,0,0,1,1,0,0,1,0.0,0.0,0.0,0.0,0.0,1.0,-1
"F[1,2](((NumPumpBolusOrShortAct >= 1.000 | age >= 0.000) -> bmiPerc >= 0.000) | GFR >= 0.000)
",0.000,0.000,0.000,0.000,1.000,0,0,0,1,1,0,0,1,0.0,0.0,0.0,0.0,0.0,1.0,-1
"F[0,1](((UnitsInsBasalOrLongAct <= 6.000 -> age <= 0.000) | UnitsInsBasalOrLongAct >= 0.000) | GFR <= 0.000)
",0.000,0.000,0.000,0.000,1.000,0,0,0,1,1,0,0,1,0.0,0.0,0.0,0.0,0.0,1.0,-1
"F[1,1]((Pt_GrandparentT1D <= 0.000 -> TotChol <= 45.000) & HeightCm <= 45.000)
",0.000,0.000,0.000,0.000,1.000,0,0,0,1,1,0,0,1,0.0,0.0,0.0,0.0,0.0,1.0,-1
"F[2,2](((DirectLDL <= 0.000 -> bmiPerc >= 0.000) & Pt_GrandparentT1D <= 0.000) -> TSH <= 0.000)
",0.000,0.000,0.000,0.000,1.000,0,0,0,1,1,0,0,1,0.0,0.0,0.0,0.0,0.0,1.0,-1
"F[0,1]((TotalDailyInsPerKg <= 33.000 & Pt_A1cGoalLev <= 0.000) -> UnitsInsBasalOrLongAct <= 0.000)
",0.000,0.000,0.000,0.000,1.000,0,0,0,1,1,0,0,1,0.0,0.0,0.0,0.0,0.0,1.0,-1
"F[1,2]((AutonomicNeuroCl <= 8.800 & AlbCreatRat_mggNew <= 11.000) & SMBGperDayPtMeterCombo <= 11.000)
",0.000,0.000,0.000,0.000,1.000,0,0,0,1,1,0,0,1,0.0,0.0,0.0,0.0,0.0,1.0,-1
"F[0,1](diagAgeCombo >= 0.000 & BldPrDia >= 120.000)
",0.000,0.000,0.000,0.000,1.000,0,0,0,1,1,0,0,1,0.0,0.0,0.0,0.0,0.0,1.0,-1
"F[1,2](((Pt_CGMUseNumDays >= 4313.000 -> HbA1cImputeDtMnC <= 0.000) | HDL <= 0.000) & bmiPerc >= 0.000)
",0.000,0.000,0.000,0.000,1.000,0,0,0,1,1,0,0,1,0.0,0.0,0.0,0.0,0.0,1.0,-1
"F[0,2](((WeightKg <= 0.000 & DirectLDL >= 0.000) & Triglyc >= 0.000) & Pt_GrandchildT1D <= 0.000)
",0.000,0.000,0.000,0.000,1.000,0,0,0,1,1,0,0,1,0.0,0.0,0.0,0.0,0.0,1.0,-1
"((Pt_FatherT1D <= 0.000) U[0,0] (LDL >= 0.000))
",0.000,0.000,0.000,0.000,1.000,0,0,0,1,1,0,0,1,0.0,0.0,0.0,0.0,0.0,1.0,-1
"F[1,1](BldPrDia <= 120.000 | diabDur <= 34.000)
",0.000,0.000,0.000,0.000,1.000,0,0,0,1,1,0,0,1,0.0,0.0,0.0,0.0,0.0,1.0,-1
"F[0,1]((TotChol >= 45.000 -> WeightKg <= 0.000) & HbA1c <= 0.000)
",0.000,0.000,0.000,0.000,1.000,0,0,0,1,1,0,0,1,0.0,0.0,0.0,0.0,0.0,1.0,-1
"((HeightCm <= 0.000) U[1,2] (Pt_ChildT1D >= 0.000))
",0.000,0.000,0.000,0.000,1.000,0,0,0,1,1,0,0,1,0.0,0.0,0.0,0.0,0.0,1.0,-1
"F[0,1]((TSH >= 0.000 & Pt_SiblingT1D <= 0.000) & HbA1c <= 0.000)
",0.000,0.000,0.000,0.000,1.000,0,0,0,1,1,0,0,1,0.0,0.0,0.0,0.0,0.0,1.0,-1
"F[0,0]((bmi <= 0.000 | Pt_MotherT1D <= 0.000) -> LDL >= 0.000)
",0.000,0.000,0.000,0.000,1.000,0,0,0,1,1,0,0,1,0.0,0.0,0.0,0.0,0.0,1.0,-1
"F[1,1]((HbA1c <= 0.000 -> WeightKg <= 0.000) | HDL >= 0.000)
",0.000,0.000,0.000,0.000,1.000,0,0,0,1,1,0,0,1,0.0,0.0,0.0,0.0,0.0,1.0,-1
"F[0,2](((TotChol >= 45.000 -> Pt_DKAFlg <= 0.000) -> BldPrSys <= 0.000) & SMBGperDayPtMeterCombo >= 0.000)
",0.000,0.000,0.000,0.000,1.000,0,0,0,1,1,0,0,1,0.0,0.0,0.0,0.0,0.0,1.0,-1
"F[0,1](UnitsInsBasalOrLongAct >= 6.000 & age >= 0.000)
",0.000,0.000,0.000,0.000,1.000,0,0,0,1,1,0,0,1,0.0,0.0,0.0,0.0,0.0,1.0,-1
"F[0,1](SMBGperDayPtMeterCombo <= 57.000 -> LDL >= 0.000)
",0.000,0.000,0.000,0.000,1.000,0,0,0,1,1,0,0,1,0.0,0.0,0.0,0.0,0.0,1.0,-1
"F[1,2]((WeightKg >= 0.000 & TSH <= 0.000) & diagAgeCombo >= 0.000)
",0.000,0.000,0.000,0.000,1.000,0,0,0,1,1,0,0,1,0.0,0.0,0.0,0.0,0.0,1.0,-1
"F[1,2](((HDL >= 215.000 -> Pt_CGMUseNumDays <= 4313.000) & Pt_A1cGoalLev <= 4313.000) & Pt_InsGov <= 4313.000)
",0.000,0.000,0.000,0.000,1.000,0,0,0,1,1,0,0,1,0.0,0.0,0.0,0.0,0.0,1.0,-1
"((TotChol >= 45.000) U[1,2] (HDL >= 215.000))
",0.000,0.000,0.000,0.000,1.000,0,0,0,1,1,0,0,1,0.0,0.0,0.0,0.0,0.0,1.0,-1
"F[0,0]((HbA1cImputeDtMnC >= 0.000 | LDL >= 0.000) -> BldPrDia >= 0.000)
",0.000,0.000,0.000,0.000,1.000,0,0,0,1,1,0,0,1,0.0,0.0,0.0,0.0,0.0,1.0,-1
"F[1,2](((bmi <= 0.000 | WeightKg <= 0.000) -> Pt_GrandchildT1D <= 0.000) -> Pt_DKAFlg >= 0.000)
",0.000,0.000,0.000,0.000,1.000,0,0,0,1,1,0,0,1,0.0,0.0,0.0,0.0,0.0,1.0,-1
"((GFR >= 0.000) U[0,1] (diagAgeCombo >= 0.000))
",0.000,0.000,0.000,0.000,1.000,0,0,0,1,1,0,0,1,0.0,0.0,0.0,0.0,0.0,1.0,-1
"F[2,2]((Pt_FatherT1D <= 0.000 & age >= 0.000) -> TotChol >= 0.000)
",0.000,0.000,0.000,0.000,1.000,0,0,0,1,1,0,0,1,0.0,0.0,0.0,0.0,0.0,1.0,-1
"F[0,1](((HeightCm >= 0.000 & BldPrSys >= 0.000) | Pt_A1cGoalLevelDsYr5 >= 0.000) & WeightKg >= 0.000)
",0.000,0.000,0.000,0.000,1.000,0,0,0,1,1,0,0,1,0.0,0.0,0.0,0.0,0.0,1.0,-1
"F[1,1](BUN >= 164.000 | HDL <= 215.000)
",0.000,0.000,0.000,0.000,1.000,0,0,0,1,1,0,0,1,0.0,0.0,0.0,0.0,0.0,1.0,-1
"F[2,2](((Pt_ChildT1D <= 0.000 & HbA1cImputeDtMnC <= 0.000) & Pt_CGMUseNumDays <= 0.000) -> GFR >= 0.000)
",0.000,0.000,0.000,0.000,1.000,0,0,0,1,1,0,0,1,0.0,0.0,0.0,0.0,0.0,1.0,-1
"F[0,2]((Pt_DKAFlg >= 0.000 | BldPrSys <= 0.000) -> GFR >= 0.000)
",0.000,0.000,0.000,0.000,1.000,0,0,0,1,1,0,0,1,0.0,0.0,0.0,0.0,0.0,1.0,-1
"((Pt_A1cGoalLevelDsYr5 <= 0.000) U[0,1] (diabDur <= 34.000))
",0.000,0.000,0.000,0.000,1.000,0,0,0,1,1,0,0,1,0.0,0.0,0.0,0.0,0.0,1.0,-1
"F[1,2]((bmiPerc >= 0.000 -> GFR >= 0.000) & NumPumpBolusOrShortAct <= 0.000)
",0.000,0.000,0.000,0.000,1.000,0,0,0,1,1,0,0,1,0.0,0.0,0.0,0.0,0.0,1.0,-1
"F[0,0](((HbA1c <= 0.000 -> HbA1cImputeDtMnC >= 0.000) -> bmiPerc >= 0.000) & bmiZscore <= 0.000)
",0.000,0.000,0.000,0.000,1.000,0,0,0,1,1,0,0,1,0.0,0.0,0.0,0.0,0.0,1.0,-1
"F[2,2]((LDL >= 0.000 & bmiZscore <= 0.000) -> BldPrSys >= 0.000)
",0.000,0.000,0.000,0.000,1.000,0,0,0,1,1,0,0,1,0.0,0.0,0.0,0.0,0.0,1.0,-1
"F[0,1]((NumPumpBolusOrShortAct <= 1.000 | AutonomicNeuroCl <= 8.800) | HeightCm >= 8.800)
",0.000,0.000,0.000,0.000,1.000,0,0,0,1,1,0,0,1,0.0,0.0,0.0,0.0,0.0,1.0,-1
"F[1,2](((UnitsInsBasalOrLongAct >= 6.000 -> GFR >= 0.000) & Pt_SiblingT1D <= 0.000) | AutonomicNeuroCl >= 0.000)
",0.000,0.000,0.000,0.000,1.000,0,0,0,1,1,0,0,1,0.0,0.0,0.0,0.0,0.0,1.0,-1
"F[0,1]((Pt_MotherT1D >= 0.000 | Pt_MotherT1D <= 0.000) -> WeightKg <= 0.000)
",0.000,0.000,0.000,0.000,1.000,0,0,0,1,1,0,0,1,0.0,0.0,0.0,0.0,0.0,1.0,-1
"F[1,2](AutonomicNeuroCl >= 8.800 & BldPrSys >= 0.000)
",0.000,0.000,0.000,0.000,1.000,0,0,0,1,1,0,0,1,0.0,0.0,0.0,0.0,0.0,1.0,-1
"F[0,1]((diagAgeCombo <= 0.000 | SMBGperDayPtMeterCombo <= 57.000) -> Pt_SHFlg >= 57.000)
",0.000,0.000,0.000,0.000,1.000,0,0,0,1,1,0,0,1,0.0,0.0,0.0,0.0,0.0,1.0,-1
"F[1,2](((bmi >= 0.000 -> NumPumpBolusOrShortAct <= 1.000) -> HeightCm <= 1.000) | BldPrDia <= 1.000)
",0.000,0.000,0.000,0.000,1.000,0,0,0,1,1,0,0,1,0.0,0.0,0.0,0.0,0.0,1.0,-1
"F[2,2](((NumPumpBolusOrShortAct >= 1.000 -> Pt_FatherT1D <= 0.000) | Pt_DKAFlg <= 0.000) | BldPrSys >= 0.000)
",0.000,0.000,0.000,0.000,1.000,0,0,0,1,1,0,0,1,0.0,0.0,0.0,0.0,0.0,1.0,-1
"F[0,2](Pt_ChildT1D <= 0.000 & diabDur <= 34.000)
",0.000,0.000,0.000,0.000,1.000,0,0,0,1,1,0,0,1,0.0,0.0,0.0,0.0,0.0,1.0,-1
"F[2,2](DirectLDL >= 0.000 | LDL <= 0.000)
",0.000,0.000,0.000,0.000,1.000,0,0,0,1,1,0,0,1,0.0,0.0,0.0,0.0,0.0,1.0,-1
"F[0,1]((AlbCreatRat_mggNew >= 11.000 & LDL >= 0.000) | AutonomicNeuroCl >= 0.000)
",0.000,0.000,0.000,0.000,1.000,0,0,0,1,1,0,0,1,0.0,0.0,0.0,0.0,0.0,1.0,-1
"((BGTestAvgNumPtRep >= 0.000) U[0,1] (HbA1c >= 0.000))
",0.000,0.000,0.000,0.000,1.000,0,0,0,1,1,0,0,1,0.0,0.0,0.0,0.0,0.0,1.0,-1
"F[2,2](((bmi <= 0.000 -> bmiPerc <= 0.000) -> Pt_SiblingT1D >= 0.000) -> UnitsInsBasalOrLongAct <= 0.000)
",0.000,0.000,0.000,0.000,1.000,0,0,0,1,1,0,0,1,0.0,0.0,0.0,0.0,0.0,1.0,-1
"F[0,1]((LDL <= 0.000 | BldPrSys <= 0.000) -> Pt_GrandchildT1D <= 0.000)
",0.000,0.000,0.000,0.000,1.000,0,0,0,1,1,0,0,1,0.0,0.0,0.0,0.0,0.0,1.0,-1
"F[1,2]((SMBGperDayPtMeterCombo >= 57.000 -> diagAgeCombo >= 0.000) & WeightKg >= 0.000)
",0.000,0.000,0.000,0.000,1.000,0,0,0,1,1,0,0,1,0.0,0.0,0.0,0.0,0.0,1.0,-1
"F[1,2](((BGTestAvgNumPtRep >= 0.000 & bmi >= 0.000) & Pt_InsGov <= 0.000) -> TSH <= 0.000)
",0.000,0.000,0.000,0.000,1.000,0,0,0,1,1,0,0,1,0.0,0.0,0.0,0.0,0.0,1.0,-1
"F[0,1]((HbA1c >= 0.000 & Pt_CGMUseNumDays <= 4313.000) & GFR >= 4313.000)
",0.000,0.000,0.000,0.000,1.000,0,0,0,1,1,0,0,1,0.0,0.0,0.0,0.0,0.0,1.0,-1
"((bmi >= 0.000) U[1,2] (bmiPerc <= 0.000))
",0.000,0.000,0.000,0.000,1.000,0,0,0,1,1,0,0,1,0.0,0.0,0.0,0.0,0.0,1.0,-1
"F[0,2](((Pt_SHFlg >= 0.398 | Pt_SHFlg >= 0.398) -> Pt_SiblingT1D <= 0.398) | HDL >= 0.398)
",0.000,0.000,0.000,0.000,1.000,0,0,0,1,1,0,0,1,0.0,0.0,0.0,0.0,0.0,1.0,-1
"F[1,2](((bmi <= 0.000 | TSH >= 0.000) -> Pt_DKAFlg <= 0.000) -> HeightCm >= 0.000)
",0.000,0.000,0.000,0.000,1.000,0,0,0,1,1,0,0,1,0.0,0.0,0.0,0.0,0.0,1.0,-1
"F[1,1]((TSH <= 0.000 -> AlbCreatRat_mggNew >= 11.000) | Triglyc <= 11.000)
",0.000,0.000,0.000,0.000,1.000,0,0,0,1,1,0,0,1,0.0,0.0,0.0,0.0,0.0,1.0,-1
"F[1,2](((HbA1cImputeDtMnC >= 0.000 | BGTestAvgNumMeter <= 0.000) & Pt_InsGov <= 0.000) -> age <= 0.000)
",0.000,0.000,0.000,0.000,1.000,0,0,0,1,1,0,0,1,0.0,0.0,0.0,0.0,0.0,1.0,-1
"F[1,2](bmiZscore <= 0.000 | TotalDailyInsPerKg >= 33.000)
",0.000,0.000,0.000,0.000,1.000,0,0,0,1,1,0,0,1,0.0,0.0,0.0,0.0,0.0,1.0,-1
"F[2,2](TSH >= 0.000 & BUN <= 164.000)
",0.000,0.000,0.000,0.000,1.000,0,0,0,1,1,0,0,1,0.0,0.0,0.0,0.0,0.0,1.0,-1
"F[0,1](((NumPumpBolusOrShortAct <= 1.000 | TotChol >= 45.000) -> NumPumpBolusOrShortAct >= 45.000) & BGTestAvgNumMeter >= 45.000)
",0.000,0.000,0.000,0.000,1.000,0,0,0,1,1,0,0,1,0.0,0.0,0.0,0.0,0.0,1.0,-1
"F[0,1](((HDL <= 215.000 & UnitsInsBasalOrLongAct <= 6.000) & Pt_SiblingT1D >= 6.000) | Pt_GrandchildT1D >= 6.000)
",0.000,0.000,0.000,0.000,1.000,0,0,0,1,1,0,0,1,0.0,0.0,0.0,0.0,0.0,1.0,-1
"F[0,0](HDL >= 215.000 -> AutonomicNeuroCl >= 8.800)
",0.000,0.000,0.000,0.000,1.000,0,0,0,1,1,0,0,1,0.0,0.0,0.0,0.0,0.0,1.0,-1
"F[1,1](Pt_A1cGoalLev <= 0.000 | Pt_ChildT1D >= 0.000)
",0.000,0.000,0.000,0.000,1.000,0,0,0,1,1,0,0,1,0.0,0.0,0.0,0.0,0.0,1.0,-1
"((BGTestAvgNumMeter >= 0.000) U[2,2] (BGTestAvgNumPtRep <= 0.000))
",0.000,0.000,0.000,0.000,1.000,0,0,0,1,1,0,0,1,0.0,0.0,0.0,0.0,0.0,1.0,-1
"F[0,0](BUN >= 164.000 -> Pt_ChildT1D >= 0.000)
",0.000,0.000,0.000,0.000,1.000,0,0,0,1,1,0,0,1,0.0,0.0,0.0,0.0,0.0,1.0,-1
"F[1,2](((WeightKg <= 0.000 & TSH <= 0.000) -> SMBGperDayPtMeterCombo <= 0.000) -> age >= 0.000)
",0.000,0.000,0.000,0.000,1.000,0,0,0,1,1,0,0,1,0.0,0.0,0.0,0.0,0.0,1.0,-1
"F[0,2](((Pt_FatherT1D <= 0.000 & TotChol >= 45.000) & Pt_ChildT1D >= 45.000) | HDL >= 45.000)
",0.000,0.000,0.000,0.000,1.000,0,0,0,1,1,0,0,1,0.0,0.0,0.0,0.0,0.0,1.0,-1
"F[1,2](((BUN >= 164.000 -> Pt_SiblingT1D <= 0.000) | Pt_SHFlg >= 0.000) -> TSH <= 0.000)
",0.000,0.000,0.000,0.000,1.000,0,0,0,1,1,0,0,1,0.0,0.0,0.0,0.0,0.0,1.0,-1
"F[0,2]((UnitsInsBasalOrLongAct >= 6.000 & bmiPerc >= 0.000) & bmi >= 0.000)
",0.000,0.000,0.000,0.000,1.000,0,0,0,1,1,0,0,1,0.0,0.0,0.0,0.0,0.0,1.0,-1
"F[1,1](((BldPrSys <= 0.000 & Pt_ChildT1D >= 0.000) | HeightCm <= 0.000) -> AlbCreatRat_mggNew <= 0.000)
",0.000,0.000,0.000,0.000,1.000,0,0,0,1,1,0,0,1,0.0,0.0,0.0,0.0,0.0,1.0,-1
"F[0,1]((AutonomicNeuroCl >= 8.800 -> AlbCreatRat_mggNew <= 11.000) & TotChol <= 11.000)
",0.000,0.000,0.000,0.000,1.000,0,0,0,1,1,0,0,1,0.0,0.0,0.0,0.0,0.0,1.0,-1
"F[1,2](Pt_GrandparentT1D >= 0.000 -> BldPrDia <= 120.000)
",0.000,0.000,0.000,0.000,1.000,0,0,0,1,1,0,0,1,0.0,0.0,0.0,0.0,0.0,1.0,-1
"F[0,1](LDL >= 0.000 -> TotalDailyInsPerKg >= 33.000)
",0.000,0.000,0.000,0.000,1.000,0,0,0,1,1,0,0,1,0.0,0.0,0.0,0.0,0.0,1.0,-1
"((SMBGperDayPtMeterCombo <= 57.000) U[1,1] (TSH >= 0.000))
",0.000,0.000,0.000,0.000,1.000,0,0,0,1,1,0,0,1,0.0,0.0,0.0,0.0,0.0,1.0,-1
"F[1,2](((Triglyc >= 0.000 & HbA1c >= 0.000) & Pt_A1cGoalLev >= 0.000) & HbA1c <= 0.000)
",0.000,0.000,0.000,0.000,1.000,0,0,0,1,1,0,0,1,0.0,0.0,0.0,0.0,0.0,1.0,-1
"F[2,2](((age >= 0.000 | BldPrDia <= 120.000) & TSH >= 120.000) -> HeightCm <= 120.000)
",0.000,0.000,0.000,0.000,1.000,0,0,0,1,1,0,0,1,0.0,0.0,0.0,0.0,0.0,1.0,-1
"F[0,0]((BldPrDia <= 120.000 -> HeightCm >= 0.000) | HbA1c <= 0.000)
",0.000,0.000,0.000,0.000,1.000,0,0,0,1,1,0,0,1,0.0,0.0,0.0,0.0,0.0,1.0,-1
"F[2,2]((Triglyc <= 0.000 -> Pt_SiblingT1D <= 0.000) & NumPumpBolusOrShortAct >= 0.000)
",0.000,0.000,0.000,0.000,1.000,0,0,0,1,1,0,0,1,0.0,0.0,0.0,0.0,0.0,1.0,-1
"F[0,1](LDL >= 0.000 -> Pt_CGMUseNumDays <= 4313.000)
",0.000,0.000,0.000,0.000,1.000,0,0,0,1,1,0,0,1,0.0,0.0,0.0,0.0,0.0,1.0,-1
"((DirectLDL >= 0.000) U[0,1] (BUN >= 164.000))
",0.000,0.000,0.000,0.000,1.000,0,0,0,1,1,0,0,1,0.0,0.0,0.0,0.0,0.0,1.0,-1
"F[0,2]((Pt_GrandparentT1D >= 0.000 | SMBGperDayPtMeterCombo <= 57.000) | HbA1c <= 57.000)
",0.000,0.000,0.000,0.000,1.000,0,0,0,1,1,0,0,1,0.0,0.0,0.0,0.0,0.0,1.0,-1
"F[0,2]((HbA1c >= 0.000 & TotChol <= 45.000) | HbA1cImputeDtMnC <= 45.000)
",0.000,0.000,0.000,0.000,1.000,0,0,0,1,1,0,0,1,0.0,0.0,0.0,0.0,0.0,1.0,-1
"F[1,1]((HDL >= 215.000 -> TotChol >= 45.000) & Pt_GrandchildT1D <= 45.000)
",0.000,0.000,0.000,0.000,1.000,0,0,0,1,1,0,0,1,0.0,0.0,0.0,0.0,0.0,1.0,-1
"F[1,2]((Pt_SHFlg <= 0.398 -> UnitsInsBasalOrLongAct <= 6.000) | Pt_ChildT1D >= 6.000)
",0.000,0.000,0.000,0.000,1.000,0,0,0,1,1,0,0,1,0.0,0.0,0.0,0.0,0.0,1.0,-1
"F[0,1](((NumPumpBolusOrShortAct >= 1.000 -> BGTestAvgNumMeter <= 0.000) -> Pt_InsGov <= 0.000) | TSH <= 0.000)
",0.000,0.000,0.000,0.000,1.000,0,0,0,1,1,0,0,1,0.0,0.0,0.0,0.0,0.0,1.0,-1
"((HbA1c >= 0.000) U[1,2] (LDL >= 0.000))
",0.000,0.000,0.000,0.000,1.000,0,0,0,1,1,0,0,1,0.0,0.0,0.0,0.0,0.0,1.0,-1
"F[0,0](((DirectLDL <= 0.000 & BGTestAvgNumMeter <= 0.000) -> Pt_GrandparentT1D <= 0.000) | LDL >= 0.000)
",0.000,0.000,0.000,0.000,1.000,0,0,0,1,1,0,0,1,0.0,0.0,0.0,0.0,0.0,1.0,-1
"F[2,2]((Pt_DKAFlg >= 0.000 & UnitsInsBasalOrLongAct <= 6.000) | Pt_MotherT1D >= 6.000)
",0.000,0.000,0.000,0.000,1.000,0,0,0,1,1,0,0,1,0.0,0.0,0.0,0.0,0.0,1.0,-1
"F[0,2](UnitsInsBasalOrLongAct <= 6.000 | diagAgeCombo >= 0.000)
",0.000,0.000,0.000,0.000,1.000,0,0,0,1,1,0,0,1,0.0,0.0,0.0,0.0,0.0,1.0,-1
"((NumPumpBolusOrShortAct <= 1.000) U[0,2] (AutonomicNeuroCl <= 8.800))
",0.000,0.000,0.000,0.000,1.000,0,0,0,1,1,0,0,1,0.0,0.0,0.0,0.0,0.0,1.0,-1
"((WeightKg >= 0.000) U[2,2] (DirectLDL >= 0.000))
",0.000,0.000,0.000,0.000,1.000,0,0,0,1,1,0,0,1,0.0,0.0,0.0,0.0,0.0,1.0,-1
"((TSH <= 0.000) U[0,2] (TotChol >= 45.000))
",0.000,0.000,0.000,0.000,1.000,0,0,0,1,1,0,0,1,0.0,0.0,0.0,0.0,0.0,1.0,-1
"F[0,1](LDL >= 0.000 | UnitsInsBasalOrLongAct <= 6.000)
",0.000,0.000,0.000,0.000,1.000,0,0,0,1,1,0,0,1,0.0,0.0,0.0,0.0,0.0,1.0,-1
"F[0,2](((WeightKg <= 0.000 -> Pt_GrandparentT1D >= 0.000) -> TSH <= 0.000) & bmi >= 0.000)
",0.000,0.000,0.000,0.000,1.000,0,0,0,1,1,0,0,1,0.0,0.0,0.0,0.0,0.0,1.0,-1
"F[0,0](Pt_GrandchildT1D >= 0.000 | AutonomicNeuroCl >= 8.800)
",0.000,0.000,0.000,0.000,1.000,0,0,0,1,1,0,0,1,0.0,0.0,0.0,0.0,0.0,1.0,-1
"F[1,2](((Pt_A1cGoalLevelDsYr5 <= 0.000 -> HDL <= 215.000) | Pt_InsGov >= 215.000) | bmi >= 215.000)
",0.000,0.000,0.000,0.000,1.000,0,0,0,1,1,0,0,1,0.0,0.0,0.0,0.0,0.0,1.0,-1
"F[2,2]((HeightCm <= 0.000 | GFR <= 0.000) | Pt_SiblingT1D <= 0.000)
",0.000,0.000,0.000,0.000,1.000,0,0,0,1,1,0,0,1,0.0,0.0,0.0,0.0,0.0,1.0,-1
"F[0,2](Pt_InsGov >= 0.000 | Pt_CGMUseNumDays >= 4313.000)
",0.000,0.000,0.000,0.000,1.000,0,0,0,1,1,0,0,1,0.0,0.0,0.0,0.0,0.0,1.0,-1
"F[1,2]((BUN <= 164.000 | bmiZscore >= 0.000) -> Pt_CGMUseNumDays <= 0.000)
",0.000,0.000,0.000,0.000,1.000,0,0,0,1,1,0,0,1,0.0,0.0,0.0,0.0,0.0,1.0,-1
"((bmiZscore <= 0.000) U[0,2] (diagAgeCombo >= 0.000))
",0.000,0.000,0.000,0.000,1.000,0,0,0,1,1,0,0,1,0.0,0.0,0.0,0.0,0.0,1.0,-1
"F[1,2](((HeightCm <= 0.000 -> HDL <= 215.000) -> bmiZscore >= 215.000) & Pt_MotherT1D >= 215.000)
",0.000,0.000,0.000,0.000,1.000,0,0,0,1,1,0,0,1,0.0,0.0,0.0,0.0,0.0,1.0,-1
"F[0,0](Pt_CGMUseNumDays <= 4313.000 | HeightCm >= 0.000)
",0.000,0.000,0.000,0.000,1.000,0,0,0,1,1,0,0,1,0.0,0.0,0.0,0.0,0.0,1.0,-1
"((Pt_InsGov <= 0.000) U[2,2] (BGTestAvgNumPtRep >= 0.000))
",0.000,0.000,0.000,0.000,1.000,0,0,0,1,1,0,0,1,0.0,0.0,0.0,0.0,0.0,1.0,-1
"F[0,1]((Pt_GrandchildT1D <= 0.000 | BGTestAvgNumPtRep <= 0.000) -> Pt_InsGov >= 0.000)
",0.000,0.000,0.000,0.000,1.000,0,0,0,1,1,0,0,1,0.0,0.0,0.0,0.0,0.0,1.0,-1
"F[2,2](((LDL >= 0.000 | Pt_GrandparentT1D <= 0.000) & diagAgeCombo >= 0.000) | BldPrSys >= 0.000)
",0.000,0.000,0.000,0.000,1.000,0,0,0,1,1,0,0,1,0.0,0.0,0.0,0.0,0.0,1.0,-1
"F[0,1](LDL <= 0.000 -> AutonomicNeuroCl <= 8.800)
",0.000,0.000,0.000,0.000,1.000,0,0,0,1,1,0,0,1,0.0,0.0,0.0,0.0,0.0,1.0,-1
"F[0,1](((GFR >= 0.000 & Pt_SHFlg <= 0.398) & TSH <= 0.398) | bmiZscore >= 0.398)
",0.000,0.000,0.000,0.000,1.000,0,0,0,1,1,0,0,1,0.0,0.0,0.0,0.0,0.0,1.0,-1
"F[0,2](((AlbCreatRat_mggNew >= 11.000 & NumPumpBolusOrShortAct <= 1.000) | BldPrSys >= 1.000) -> BGTestAvgNumMeter >= 1.000)
",0.000,0.000,0.000,0.000,1.000,0,0,0,1,1,0,0,1,0.0,0.0,0.0,0.0,0.0,1.0,-1
"F[1,1](((GFR >= 0.000 & TSH <= 0.000) -> Pt_MotherT1D >= 0.000) | GFR >= 0.000)
",0.000,0.000,0.000,0.000,1.000,0,0,0,1,1,0,0,1,0.0,0.0,0.0,0.0,0.0,1.0,-1
"F[1,1]((HDL <= 215.000 & SMBGperDayPtMeterCombo >= 57.000) -> Pt_GrandparentT1D <= 57.000)
",0.000,0.000,0.000,0.000,1.000,0,0,0,1,1,0,0,1,0.0,0.0,0.0,0.0,0.0,1.0,-1
"F[1,2](((SMBGperDayPtMeterCombo <= 57.000 | SMBGperDayPtMeterCombo >= 57.000) | bmiPerc <= 57.000) & Pt_GrandchildT1D <= 57.000)
",0.000,0.000,0.000,0.000,1.000,0,0,0,1,1,0,0,1,0.0,0.0,0.0,0.0,0.0,1.0,-1
"F[1,2](((TotChol >= 45.000 | HbA1c <= 0.000) | BUN <= 0.000) -> Pt_DKAFlg >= 0.000)
",0.000,0.000,0.000,0.000,1.000,0,0,0,1,1,0,0,1,0.0,0.0,0.0,0.0,0.0,1.0,-1
"F[2,2]((Pt_MotherT1D >= 0.000 | BUN <= 164.000) | diabDur <= 164.000)
",0.000,0.000,0.000,0.000,1.000,0,0,0,1,1,0,0,1,0.0,0.0,0.0,0.0,0.0,1.0,-1
"F[1,1]((HeightCm >= 0.000 & age <= 0.000) | TSH <= 0.000)
",0.000,0.000,0.000,0.000,1.000,0,0,0,1,1,0,0,1,0.0,0.0,0.0,0.0,0.0,1.0,-1
"F[2,2]((BGTestAvgNumMeter >= 0.000 -> Pt_CGMUseNumDays <= 4313.000) -> Pt_GrandchildT1D <= 4313.000)
",0.000,0.000,0.000,0.000,1.000,0,0,0,1,1,0,0,1,0.0,0.0,0.0,0.0,0.0,1.0,-1
"F[1,1]((diabDur <= 34.000 | AutonomicNeuroCl <= 8.800) | LDL <= 8.800)
",0.000,0.000,0.000,0.000,1.000,0,0,0,1,1,0,0,1,0.0,0.0,0.0,0.0,0.0,1.0,-1
"F[1,2](Pt_CGMUseNumDays <= 4313.000 | Pt_SHFlg >= 0.398)
",0.000,0.000,0.000,0.000,1.000,0,0,0,1,1,0,0,1,0.0,0.0,0.0,0.0,0.0,1.0,-1
"F[1,2](((Pt_ChildT1D >= 0.000 | HbA1cImputeDtMnC >= 0.000) & Pt_SHFlg <= 0.000) -> BGTestAvgNumMeter >= 0.000)
",0.000,0.000,0.000,0.000,1.000,0,0,0,1,1,0,0,1,0.0,0.0,0.0,0.0,0.0,1.0,-1
"((NumPumpBolusOrShortAct <= 1.000) U[0,1] (BGTestAvgNumMeter >= 0.000))
",0.000,0.000,0.000,0.000,1.000,0,0,0,1,1,0,0,1,0.0,0.0,0.0,0.0,0.0,1.0,-1
"F[0,2](HDL <= 215.000 & bmi <= 0.000)
",0.000,0.000,0.000,0.000,1.000,0,0,0,1,1,0,0,1,0.0,0.0,0.0,0.0,0.0,1.0,-1
"F[2,2]((GFR >= 0.000 | GFR >= 0.000) & GFR >= 0.000)
",0.000,0.000,0.000,0.000,1.000,0,0,0,1,1,0,0,1,0.0,0.0,0.0,0.0,0.0,1.0,-1
"((bmi <= 0.000) U[2,2] (LDL >= 0.000))
",0.000,0.000,0.000,0.000,1.000,0,0,0,1,1,0,0,1,0.0,0.0,0.0,0.0,0.0,1.0,-1
"F[0,2](((diagAgeCombo >= 0.000 -> AlbCreatRat_mggNew <= 11.000) -> Pt_SiblingT1D <= 11.000) & BldPrDia >= 11.000)
",0.000,0.000,0.000,0.000,1.000,0,0,0,1,1,0,0,1,0.0,0.0,0.0,0.0,0.0,1.0,-1
"F[0,2](diabDur >= 34.000 -> Pt_MotherT1D >= 0.000)
",0.000,0.000,0.000,0.000,1.000,0,0,0,1,1,0,0,1,0.0,0.0,0.0,0.0,0.0,1.0,-1
"F[1,1](BGTestAvgNumMeter >= 0.000 & DirectLDL >= 0.000)
",0.000,0.000,0.000,0.000,1.000,0,0,0,1,1,0,0,1,0.0,0.0,0.0,0.0,0.0,1.0,-1
"F[0,2](TotalDailyInsPerKg >= 33.000 -> TotalDailyInsPerKg >= 33.000)
",0.000,0.000,0.000,0.000,1.000,0,0,0,1,1,0,0,1,0.0,0.0,0.0,0.0,0.0,1.0,-1
"F[0,1](UnitsInsBasalOrLongAct >= 6.000 | UnitsInsBasalOrLongAct <= 6.000)
",0.000,0.000,0.000,0.000,1.000,0,0,0,1,1,0,0,1,0.0,0.0,0.0,0.0,0.0,1.0,-1
"F[0,2](((WeightKg <= 0.000 & BldPrDia <= 120.000) & HbA1cImputeDtMnC <= 120.000) -> NumPumpBolusOrShortAct >= 120.000)
",0.000,0.000,0.000,0.000,1.000,0,0,0,1,1,0,0,1,0.0,0.0,0.0,0.0,0.0,1.0,-1
"F[0,1]((BldPrDia <= 120.000 & LDL <= 0.000) & bmiZscore <= 0.000)
",0.000,0.000,0.000,0.000,1.000,0,0,0,1,1,0,0,1,0.0,0.0,0.0,0.0,0.0,1.0,-1
"F[0,1]((Pt_DKAFlg <= 0.000 & bmi <= 0.000) | WeightKg >= 0.000)
",0.000,0.000,0.000,0.000,1.000,0,0,0,1,1,0,0,1,0.0,0.0,0.0,0.0,0.0,1.0,-1
"F[0,2](((TSH <= 0.000 -> TotChol <= 45.000) -> BldPrSys >= 45.000) | HbA1c >= 45.000)
",0.000,0.000,0.000,0.000,1.000,0,0,0,1,1,0,0,1,0.0,0.0,0.0,0.0,0.0,1.0,-1
"F[1,1](DirectLDL <= 0.000 | Triglyc >= 0.000)
",0.000,0.000,0.000,0.000,1.000,0,0,0,1,1,0,0,1,0.0,0.0,0.0,0.0,0.0,1.0,-1
"((BGTestAvgNumMeter <= 0.000) U[1,2] (Pt_A1cGoalLevelDsYr5 <= 0.000))
",0.000,0.000,0.000,0.000,1.000,0,0,0,1,1,0,0,1,0.0,0.0,0.0,0.0,0.0,1.0,-1
"F[0,0]((Pt_A1cGoalLev >= 0.000 -> HbA1cImputeDtMnC >= 0.000) | HeightCm >= 0.000)
",0.000,0.000,0.000,0.000,1.000,0,0,0,1,1,0,0,1,0.0,0.0,0.0,0.0,0.0,1.0,-1
"F[2,2]((TotalDailyInsPerKg >= 33.000 | Pt_GrandparentT1D >= 0.000) & HbA1c >= 0.000)
",0.000,0.000,0.000,0.000,1.000,0,0,0,1,1,0,0,1,0.0,0.0,0.0,0.0,0.0,1.0,-1
"F[0,2]((BGTestAvgNumPtRep <= 0.000 | LDL <= 0.000) | Pt_A1cGoalLev >= 0.000)
",0.000,0.000,0.000,0.000,1.000,0,0,0,1,1,0,0,1,0.0,0.0,0.0,0.0,0.0,1.0,-1
"F[0,1](Pt_ChildT1D >= 0.000 | Pt_MotherT1D <= 0.000)
",0.000,0.000,0.000,0.000,1.000,0,0,0,1,1,0,0,1,0.0,0.0,0.0,0.0,0.0,1.0,-1
"((Pt_MotherT1D >= 0.000) U[0,1] (Pt_GrandparentT1D <= 0.000))
",0.000,0.000,0.000,0.000,1.000,0,0,0,1,1,0,0,1,0.0,0.0,0.0,0.0,0.0,1.0,-1
"F[0,1](((Triglyc >= 0.000 | bmiPerc <= 0.000) -> Pt_MotherT1D >= 0.000) | AlbCreatRat_mggNew >= 0.000)
",0.000,0.000,0.000,0.000,1.000,0,0,0,1,1,0,0,1,0.0,0.0,0.0,0.0,0.0,1.0,-1
"F[0,2](((bmiZscore >= 0.000 & BldPrSys >= 0.000) | DirectLDL >= 0.000) | HbA1cImputeDtMnC >= 0.000)
",0.000,0.000,0.000,0.000,1.000,0,0,0,1,1,0,0,1,0.0,0.0,0.0,0.0,0.0,1.0,-1
"F[2,2](((diabDur <= 34.000 -> Pt_InsGov >= 0.000) | Pt_CGMUseNumDays <= 0.000) & bmiZscore >= 0.000)
",0.000,0.000,0.000,0.000,1.000,0,0,0,1,1,0,0,1,0.0,0.0,0.0,0.0,0.0,1.0,-1
"F[1,2](Pt_A1cGoalLevelDsYr5 <= 0.000 -> AutonomicNeuroCl <= 8.800)
",0.000,0.000,0.000,0.000,1.000,0,0,0,1,1,0,0,1,0.0,0.0,0.0,0.0,0.0,1.0,-1
"F[0,1](((bmiZscore <= 0.000 -> BldPrSys <= 0.000) -> TotChol >= 0.000) | HDL <= 0.000)
",0.000,0.000,0.000,0.000,1.000,0,0,0,1,1,0,0,1,0.0,0.0,0.0,0.0,0.0,1.0,-1
"F[0,0]((HbA1cImputeDtMnC >= 0.000 | BldPrDia <= 120.000) | TotalDailyInsPerKg <= 120.000)
",0.000,0.000,0.000,0.000,1.000,0,0,0,1,1,0,0,1,0.0,0.0,0.0,0.0,0.0,1.0,-1
"F[0,2](Pt_CGMUseNumDays <= 4313.000 | WeightKg >= 0.000)
",0.000,0.000,0.000,0.000,1.000,0,0,0,1,1,0,0,1,0.0,0.0,0.0,0.0,0.0,1.0,-1
"F[0,2](Pt_GrandchildT1D <= 0.000 -> UnitsInsBasalOrLongAct >= 6.000)
",0.000,0.000,0.000,0.000,1.000,0,0,0,1,1,0,0,1,0.0,0.0,0.0,0.0,0.0,1.0,-1
"F[2,2](((BldPrDia <= 120.000 & Pt_InsGov <= 0.000) & UnitsInsBasalOrLongAct <= 0.000) -> Pt_MotherT1D <= 0.000)
",0.000,0.000,0.000,0.000,1.000,0,0,0,1,1,0,0,1,0.0,0.0,0.0,0.0,0.0,1.0,-1
"F[1,2](((HDL >= 215.000 | Pt_FatherT1D >= 0.000) -> GFR <= 0.000) -> BldPrSys <= 0.000)
",0.000,0.000,0.000,0.000,1.000,0,0,0,1,1,0,0,1,0.0,0.0,0.0,0.0,0.0,1.0,-1
"F[0,1]((HbA1c >= 0.000 & diagAgeCombo <= 0.000) & Pt_CGMUseNumDays <= 0.000)
",0.000,0.000,0.000,0.000,1.000,0,0,0,1,1,0,0,1,0.0,0.0,0.0,0.0,0.0,1.0,-1
"F[0,2]((NumPumpBolusOrShortAct <= 1.000 | LDL >= 0.000) -> SMBGperDayPtMeterCombo >= 0.000)
",0.000,0.000,0.000,0.000,1.000,0,0,0,1,1,0,0,1,0.0,0.0,0.0,0.0,0.0,1.0,-1
"F[1,2](((age <= 0.000 -> TSH <= 0.000) | Pt_GrandchildT1D <= 0.000) & bmiZscore <= 0.000)
",0.000,0.000,0.000,0.000,1.000,0,0,0,1,1,0,0,1,0.0,0.0,0.0,0.0,0.0,1.0,-1
"((HbA1cImputeDtMnC <= 0.000) U[1,2] (Pt_SHFlg = 0.398))
",0.000,0.000,0.000,0.000,1.000,0,0,0,1,1,0,0,1,0.0,0.0,0.0,0.0,0.0,1.0,-1
"((HeightCm >= 0.000) U[1,2] (Pt_SHFlg <= 0.398))
",0.000,0.000,0.000,0.000,1.000,0,0,0,1,1,0,0,1,0.0,0.0,0.0,0.0,0.0,1.0,-1
"((GFR >= 0.000) U[1,2] (DirectLDL >= 0.000))
",0.000,0.000,0.000,0.000,1.000,0,0,0,1,1,0,0,1,0.0,0.0,0.0,0.0,0.0,1.0,-1
"F[0,2](TSH <= 0.000 & Pt_SHFlg = 0.398)
",0.000,0.000,0.000,0.000,1.000,0,0,0,1,1,0,0,1,0.0,0.0,0.0,0.0,0.0,1.0,-1
"((BUN >= 164.000) U[1,2] (Pt_SHFlg = 0.398))
",0.000,0.000,0.000,0.000,1.000,0,0,0,1,1,0,0,1,0.0,0.0,0.0,0.0,0.0,1.0,-1
"F[0,0](Pt_GrandparentT1D >= 0.000 | bmiPerc >= 0.000)
",0.000,0.000,0.000,0.000,1.000,0,0,0,1,1,0,0,1,0.0,0.0,0.0,0.0,0.0,1.0,-1
"F[1,1](((BGTestAvgNumMeter >= 0.000 | TSH >= 0.000) -> TotChol >= 0.000) | NumPumpBolusOrShortAct >= 0.000)
",0.000,0.000,0.000,0.000,1.000,0,0,0,1,1,0,0,1,0.0,0.0,0.0,0.0,0.0,1.0,-1
"F[0,1](((Pt_SHFlg >= 0.398 & BldPrDia <= 120.000) | Pt_GrandchildT1D <= 120.000) | age >= 120.000)
",0.000,0.000,0.000,0.000,1.000,0,0,0,1,1,0,0,1,0.0,0.0,0.0,0.0,0.0,1.0,-1
"F[1,2](((Pt_GrandchildT1D <= 0.000 & TotalDailyInsPerKg >= 33.000) -> Pt_DKAFlg >= 33.000) -> TSH >= 33.000)
",0.000,0.000,0.000,0.000,1.000,0,0,0,1,1,0,0,1,0.0,0.0,0.0,0.0,0.0,1.0,-1
"((HeightCm <= 0.000) U[0,1] (Pt_DKAFlg <= 0.000))
",0.000,0.000,0.000,0.000,1.000,0,0,0,1,1,0,0,1,0.0,0.0,0.0,0.0,0.0,1.0,-1
"F[0,1]((Pt_GrandchildT1D <= 0.000 -> BldPrDia >= 120.000) | Pt_A1cGoalLev >= 120.000)
",0.000,0.000,0.000,0.000,1.000,0,0,0,1,1,0,0,1,0.0,0.0,0.0,0.0,0.0,1.0,-1
"((diagAgeCombo < 0.000) U[2,2] (Pt_SHFlg = 0.398))
",0.000,0.000,0.000,0.000,1.000,0,0,0,1,1,0,0,1,0.0,0.0,0.0,0.0,0.0,1.0,-1
"F[0,2](Pt_MotherT1D >= 0.000 -> TotalDailyInsPerKg <= 33.000)
",0.000,0.000,0.000,0.000,1.000,0,0,0,1,1,0,0,1,0.0,0.0,0.0,0.0,0.0,1.0,-1
"F[1,2](HbA1c >= 0.000 -> Pt_SHFlg = 0.398)
",0.000,0.000,0.000,0.000,1.000,0,0,0,1,1,0,0,1,0.0,0.0,0.0,0.0,0.0,1.0,-1
"((BldPrSys > 0.000) U[0,1] (Pt_SHFlg = 0.398))
",0.000,0.000,0.000,0.000,1.000,0,0,0,1,1,0,0,1,0.0,0.0,0.0,0.0,0.0,1.0,-1
"((Pt_ChildT1D >= 0.000) U[0,2] (Pt_SHFlg = 0.398))
",0.000,0.000,0.000,0.000,1.000,0,0,0,1,1,0,0,1,0.0,0.0,0.0,0.0,0.0,1.0,-1
"((HeightCm < 0.000) U[0,2] (Pt_SHFlg = 0.398))
",0.000,0.000,0.000,0.000,1.000,0,0,0,1,1,0,0,1,0.0,0.0,0.0,0.0,0.0,1.0,-1
"F[0,0](GFR < 0.000 -> Pt_SHFlg = 0.398)
",0.000,0.000,0.000,0.000,1.000,0,0,0,1,1,0,0,1,0.0,0.0,0.0,0.0,0.0,1.0,-1
"F[0,1](((HbA1cImputeDtMnC <= 0.000 & diabDur <= 34.000) -> GFR <= 34.000) & Pt_GrandchildT1D <= 34.000)
",0.000,0.000,0.000,0.000,1.000,0,0,0,1,1,0,0,1,0.0,0.0,0.0,0.0,0.0,1.0,-1
"((HeightCm < 0.000) U[2,2] (Pt_SHFlg = 0.398))
",0.000,0.000,0.000,0.000,1.000,0,0,0,1,1,0,0,1,0.0,0.0,0.0,0.0,0.0,1.0,-1
"F[2,2](HbA1c >= 0.000 -> Pt_A1cGoalLevelDsYr5 = 0.000)
",0.000,0.000,0.000,0.000,1.000,0,0,0,1,1,0,0,1,0.0,0.0,0.0,0.0,0.0,1.0,-1
"F[1,1](Triglyc <= 0.000 & GFR >= 0.000)
",0.000,0.000,0.000,0.000,1.000,0,0,0,1,1,0,0,1,0.0,0.0,0.0,0.0,0.0,1.0,-1
"F[0,2](HbA1c >= 0.000 -> Pt_A1cGoalLevelDsYr5 = 0.000)
",0.000,0.000,0.000,0.000,1.000,0,0,0,1,1,0,0,1,0.0,0.0,0.0,0.0,0.0,1.0,-1
"((Pt_A1cGoalLev < 0.000) U[0,2] (Pt_SHFlg = 0.398))
",0.000,0.000,0.000,0.000,1.000,0,0,0,1,1,0,0,1,0.0,0.0,0.0,0.0,0.0,1.0,-1
"F[2,2](bmiPerc <= 0.000 & Pt_SHFlg = 0.398)
",0.000,0.000,0.000,0.000,1.000,0,0,0,1,1,0,0,1,0.0,0.0,0.0,0.0,0.0,1.0,-1
"((Pt_SHFlg < 0.398) U[0,1] (Pt_SHFlg = 0.398))
",0.000,0.000,0.000,0.000,1.000,0,0,0,1,1,0,0,1,0.0,0.0,0.0,0.0,0.0,1.0,-1
"((Pt_A1cGoalLevelDsYr5 > 0.000) U[1,2] (Pt_SHFlg = 0.398))
",0.000,0.000,0.000,0.000,1.000,0,0,0,1,1,0,0,1,0.0,0.0,0.0,0.0,0.0,1.0,-1
"F[1,2](Pt_CGMUseNumDays <= 4313.000 -> Pt_SHFlg = 0.398)
",0.000,0.000,0.000,0.000,1.000,0,0,0,1,1,0,0,1,0.0,0.0,0.0,0.0,0.0,1.0,-1
"F[2,2](AlbCreatRat_mggNew <= 11.000 & Pt_SHFlg = 0.398)
",0.000,0.000,0.000,0.000,1.000,0,0,0,1,1,0,0,1,0.0,0.0,0.0,0.0,0.0,1.0,-1
"F[1,1](bmiZscore <= 0.000 -> Pt_SHFlg = 0.398)
",0.000,0.000,0.000,0.000,1.000,0,0,0,1,1,0,0,1,0.0,0.0,0.0,0.0,0.0,1.0,-1
"F[0,1](BGTestAvgNumPtRep > 0.000 -> Pt_SHFlg = 0.398)
",0.000,0.000,0.000,0.000,1.000,0,0,0,1,1,0,0,1,0.0,0.0,0.0,0.0,0.0,1.0,-1
"((BUN < 164.000) U[0,1] (Pt_SHFlg = 0.398))
",0.000,0.000,0.000,0.000,1.000,0,0,0,1,1,0,0,1,0.0,0.0,0.0,0.0,0.0,1.0,-1
"((AlbCreatRat_mggNew > 11.000) U[1,2] (Pt_SHFlg = 0.398))
",0.000,0.000,0.000,0.000,1.000,0,0,0,1,1,0,0,1,0.0,0.0,0.0,0.0,0.0,1.0,-1
"((AutonomicNeuroCl < 8.800) U[1,1] (Pt_SHFlg = 0.398))
",0.000,0.000,0.000,0.000,1.000,0,0,0,1,1,0,0,1,0.0,0.0,0.0,0.0,0.0,1.0,-1
"F[2,2](Pt_MotherT1D < 0.000 & Pt_SHFlg = 0.398)
",0.000,0.000,0.000,0.000,1.000,0,0,0,1,1,0,0,1,0.0,0.0,0.0,0.0,0.0,1.0,-1
"((AutonomicNeuroCl < 8.800) U[0,2] (Pt_SHFlg = 0.398))
",0.000,0.000,0.000,0.000,1.000,0,0,0,1,1,0,0,1,0.0,0.0,0.0,0.0,0.0,1.0,-1
"((HbA1c < 0.000) U[1,1] (Pt_SHFlg = 0.398))
",0.000,0.000,0.000,0.000,1.000,0,0,0,1,1,0,0,1,0.0,0.0,0.0,0.0,0.0,1.0,-1
"((Pt_FatherT1D >= 0.000) U[0,2] (Pt_SHFlg = 0.398))
",0.000,0.000,0.000,0.000,1.000,0,0,0,1,1,0,0,1,0.0,0.0,0.0,0.0,0.0,1.0,-1
"F[1,2](BGTestAvgNumPtRep >= 0.000 & Pt_SHFlg = 0.398)
",0.000,0.000,0.000,0.000,1.000,0,0,0,1,1,0,0,1,0.0,0.0,0.0,0.0,0.0,1.0,-1
"F[1,2](Pt_SiblingT1D < 0.000 & Pt_SHFlg = 0.398)
",0.000,0.000,0.000,0.000,1.000,0,0,0,1,1,0,0,1,0.0,0.0,0.0,0.0,0.0,1.0,-1
"((BGTestAvgNumMeter >= 0.000) U[0,0] (BGTestAvgNumPtRep <= 0.000))
",0.000,0.000,0.000,0.000,1.000,0,0,0,1,1,0,0,1,0.0,0.0,0.0,0.0,0.0,1.0,-1
"((BGTestAvgNumMeter >= 0.000) U[0,1] (BGTestAvgNumPtRep <= 0.000))
",0.000,0.000,0.000,0.000,1.000,0,0,0,1,1,0,0,1,0.0,0.0,0.0,0.0,0.0,1.0,-1
"((BGTestAvgNumMeter >= 0.000) U[0,0] (BGTestAvgNumPtRep <= 0.000))
",0.000,0.000,0.000,0.000,1.000,0,0,0,1,1,0,0,1,0.0,0.0,0.0,0.0,0.0,1.0,-1
"F[1,1](HbA1c >= 0.000 -> Pt_A1cGoalLevelDsYr5 = 0.000)
",0.000,0.000,0.000,0.000,1.000,0,0,0,1,1,0,0,1,0.0,0.0,0.0,0.0,0.0,1.0,-1
"((BGTestAvgNumMeter >= 0.000) U[0,1] (BGTestAvgNumPtRep <= 0.000))
",0.000,0.000,0.000,0.000,1.000,0,0,0,1,1,0,0,1,0.0,0.0,0.0,0.0,0.0,1.0,-1
"F[0,1](HbA1c >= 0.000 -> Pt_A1cGoalLevelDsYr5 = 0.000)
",0.000,0.000,0.000,0.000,1.000,0,0,0,1,1,0,0,1,0.0,0.0,0.0,0.0,0.0,1.0,-1
"((BGTestAvgNumMeter >= 0.000) U[1,2] (BGTestAvgNumPtRep <= 0.000))
",0.000,0.000,0.000,0.000,1.000,0,0,0,1,1,0,0,1,0.0,0.0,0.0,0.0,0.0,1.0,-1
"F[1,2](HbA1c >= 0.000 -> Pt_A1cGoalLevelDsYr5 = 0.000)
",0.000,0.000,0.000,0.000,1.000,0,0,0,1,1,0,0,1,0.0,0.0,0.0,0.0,0.0,1.0,-1
"F[2,2](HbA1c >= 0.000 -> Pt_A1cGoalLevelDsYr5 = 0.000)
",0.000,0.000,0.000,0.000,1.000,0,0,0,1,1,0,0,1,0.0,0.0,0.0,0.0,0.0,1.0,-1
"((BGTestAvgNumMeter >= 0.000) U[0,0] (BGTestAvgNumPtRep <= 0.000))
",0.000,0.000,0.000,0.000,1.000,0,0,0,1,1,0,0,1,0.0,0.0,0.0,0.0,0.0,1.0,-1
"((BGTestAvgNumMeter >= 0.000) U[0,0] (BGTestAvgNumPtRep <= 0.000))
",0.000,0.000,0.000,0.000,1.000,0,0,0,1,1,0,0,1,0.0,0.0,0.0,0.0,0.0,1.0,-1
"F[0,1](HbA1c >= 0.000 -> Pt_A1cGoalLevelDsYr5 = 0.000)
",0.000,0.000,0.000,0.000,1.000,0,0,0,1,1,0,0,1,0.0,0.0,0.0,0.0,0.0,1.0,-1
"((BGTestAvgNumMeter >= 0.000) U[0,2] (BGTestAvgNumPtRep <= 0.000))
",0.000,0.000,0.000,0.000,1.000,0,0,0,1,1,0,0,1,0.0,0.0,0.0,0.0,0.0,1.0,-1
"F[0,2](HbA1c >= 0.000 -> Pt_A1cGoalLevelDsYr5 = 0.000)
",0.000,0.000,0.000,0.000,1.000,0,0,0,1,1,0,0,1,0.0,0.0,0.0,0.0,0.0,1.0,-1
"((BGTestAvgNumMeter >= 0.000) U[1,2] (BGTestAvgNumPtRep <= 0.000))
",0.000,0.000,0.000,0.000,1.000,0,0,0,1,1,0,0,1,0.0,0.0,0.0,0.0,0.0,1.0,-1
"F[1,2](HbA1c >= 0.000 -> Pt_A1cGoalLevelDsYr5 = 0.000)
",0.000,0.000,0.000,0.000,1.000,0,0,0,1,1,0,0,1,0.0,0.0,0.0,0.0,0.0,1.0,-1
"F[2,2](HbA1c >= 0.000 -> Pt_A1cGoalLevelDsYr5 = 0.000)
",0.000,0.000,0.000,0.000,1.000,0,0,0,1,1,0,0,1,0.0,0.0,0.0,0.0,0.0,1.0,-1
"F[0,2]((Triglyc >= 0.000 -> age <= 0.000) & bmiZscore >= 0.000)
",0.000,0.000,0.000,0.000,1.000,0,0,0,1,1,0,0,1,0.0,0.0,0.0,0.0,0.0,1.0,-1
"F[0,2]((diagAgeCombo <= 0.000 | NumPumpBolusOrShortAct >= 1.000) | GFR <= 1.000)
",0.000,0.000,0.000,0.000,1.000,0,0,0,1,1,0,0,1,0.0,0.0,0.0,0.0,0.0,1.0,-1
"G[1,2]((HeightCm <= 0.000 -> AlbCreatRat_mggNew <= 11.000) & HDL >= 11.000)
",0.000,0.000,0.000,1.000,0.000,0,0,1,0,0,1,1,0,0.0,0.0,1.0,0.0,0.0,1.0,1
"G[0,1](Pt_A1cGoalLevelDsYr5 <= 0.000 & BGTestAvgNumMeter >= 0.000)
",0.000,0.000,0.000,1.000,0.000,0,0,1,0,0,1,1,0,0.0,0.0,1.0,0.0,0.0,1.0,1
"G[1,1](BUN >= 164.000 -> HeightCm <= 0.000)
",0.000,0.000,0.000,1.000,0.000,0,0,1,0,0,1,1,0,0.0,0.0,1.0,0.0,0.0,1.0,1
"G[2,2](((Pt_GrandparentT1D >= 0.000 -> TSH <= 0.000) -> HbA1c >= 0.000) | diabDur <= 0.000)
",0.000,0.000,0.000,1.000,0.000,0,0,1,0,0,1,1,0,0.0,0.0,1.0,0.0,0.0,1.0,1
"G[0,2]((LDL >= 0.000 -> age <= 0.000) -> AutonomicNeuroCl >= 0.000)
",0.000,0.000,0.000,1.000,0.000,0,0,1,0,0,1,1,0,0.0,0.0,1.0,0.0,0.0,1.0,1
"G[0,1](((Pt_MotherT1D <= 0.000 & diabDur <= 34.000) & Pt_FatherT1D <= 34.000) -> AutonomicNeuroCl <= 34.000)
",0.000,0.000,0.000,1.000,0.000,0,0,1,0,0,1,1,0,0.0,0.0,1.0,0.0,0.0,1.0,1
"G[2,2](((SMBGperDayPtMeterCombo >= 57.000 | LDL <= 0.000) -> Pt_SHFlg <= 0.000) | Pt_FatherT1D >= 0.000)
",0.000,0.000,0.000,1.000,0.000,0,0,1,0,0,1,1,0,0.0,0.0,1.0,0.0,0.0,1.0,1
"G[1,1]((Pt_MotherT1D <= 0.000 -> Pt_GrandparentT1D >= 0.000) -> Pt_A1cGoalLev >= 0.000)
",0.000,0.000,0.000,1.000,0.000,0,0,1,0,0,1,1,0,0.0,0.0,1.0,0.0,0.0,1.0,1
"G[2,2](TSH <= 0.000 & Pt_GrandchildT1D <= 0.000)
",0.000,0.000,0.000,1.000,0.000,0,0,1,0,0,1,1,0,0.0,0.0,1.0,0.0,0.0,1.0,1
"G[0,2](((HDL >= 215.000 | GFR <= 0.000) & AlbCreatRat_mggNew <= 0.000) & Pt_InsGov <= 0.000)
",0.000,0.000,0.000,1.000,0.000,0,0,0,1,1,0,0,1,0.0,0.0,0.0,0.0,0.0,1.0,1
"G[2,2]((Pt_SHFlg <= 0.398 -> Pt_ChildT1D >= 0.000) | age >= 0.000)
",0.000,0.000,0.000,1.000,0.000,0,0,1,0,0,1,1,0,0.0,0.0,1.0,0.0,0.0,1.0,1
"G[1,2]((Triglyc <= 0.000 | BGTestAvgNumMeter >= 0.000) -> Triglyc >= 0.000)
",0.000,0.000,0.000,1.000,0.000,0,0,1,0,0,1,1,0,0.0,0.0,1.0,0.0,0.0,1.0,1
"G[0,2]((Pt_InsGov <= 0.000 & bmi <= 0.000) & Pt_InsGov <= 0.000)
",0.000,0.000,0.000,1.000,0.000,0,0,0,1,1,0,0,1,0.0,0.0,0.0,0.0,0.0,1.0,1
"G[1,1]((bmi <= 0.000 | TSH <= 0.000) & Pt_MotherT1D <= 0.000)
",0.000,0.000,0.000,1.000,0.000,0,0,1,0,0,1,1,0,0.0,0.0,1.0,0.0,0.0,1.0,1
"G[1,1](((NumPumpBolusOrShortAct <= 1.000 | WeightKg >= 0.000) | bmiPerc <= 0.000) | Pt_MotherT1D <= 0.000)
",0.000,0.000,0.000,1.000,0.000,0,0,1,0,0,1,1,0,0.0,0.0,1.0,0.0,0.0,1.0,1
"G[1,1](BldPrDia >= 120.000 & AlbCreatRat_mggNew >= 11.000)
",0.000,0.000,0.000,1.000,0.000,0,0,1,0,0,1,1,0,0.0,0.0,1.0,0.0,0.0,1.0,1
"G[1,2]((SMBGperDayPtMeterCombo >= 57.000 | BGTestAvgNumPtRep >= 0.000) & bmiPerc <= 0.000)
",0.000,0.000,0.000,1.000,0.000,0,0,1,0,0,1,1,0,0.0,0.0,1.0,0.0,0.0,1.0,1
"G[1,2](Triglyc <= 0.000 -> HeightCm <= 0.000)
",0.000,0.000,0.000,1.000,0.000,0,0,1,0,0,1,1,0,0.0,0.0,1.0,0.0,0.0,1.0,1
"G[0,1](diabDur >= 34.000 -> bmi >= 0.000)
",0.000,0.000,0.000,1.000,0.000,0,0,1,0,0,1,1,0,0.0,0.0,1.0,0.0,0.0,1.0,1
"G[1,2](((age <= 0.000 | HbA1cImputeDtMnC >= 0.000) -> Pt_DKAFlg <= 0.000) -> BGTestAvgNumPtRep <= 0.000)
",0.000,0.000,0.000,1.000,0.000,0,0,1,0,0,1,1,0,0.0,0.0,1.0,0.0,0.0,1.0,1
"G[1,2]((diagAgeCombo >= 0.000 -> UnitsInsBasalOrLongAct >= 6.000) -> GFR >= 6.000)
",0.000,0.000,0.000,1.000,0.000,0,0,1,0,0,1,1,0,0.0,0.0,1.0,0.0,0.0,1.0,1
"G[2,2](Pt_FatherT1D <= 0.000 -> HDL >= 215.000)
",0.000,0.000,0.000,1.000,0.000,0,0,1,0,0,1,1,0,0.0,0.0,1.0,0.0,0.0,1.0,1
"G[1,2](((BGTestAvgNumMeter >= 0.000 -> HbA1cImputeDtMnC >= 0.000) | Pt_InsGov >= 0.000) & bmiZscore >= 0.000)
",0.000,0.000,0.000,1.000,0.000,0,0,1,0,0,1,1,0,0.0,0.0,1.0,0.0,0.0,1.0,1
"G[1,2](GFR >= 0.000 -> BGTestAvgNumMeter >= 0.000)
",0.000,0.000,0.000,1.000,0.000,0,0,1,0,0,1,1,0,0.0,0.0,1.0,0.0,0.0,1.0,1
"G[0,1](Pt_CGMUseNumDays >= 4313.000 & Pt_GrandparentT1D >= 0.000)
",0.000,0.000,0.000,1.000,0.000,0,0,0,1,1,0,0,1,0.0,0.0,0.0,0.0,0.0,1.0,1
"G[1,2](((HbA1cImputeDtMnC >= 0.000 | Pt_InsGov >= 0.000) | diabDur >= 0.000) & Pt_SHFlg <= 0.000)
",0.000,0.000,0.000,1.000,0.000,0,0,1,0,0,1,1,0,0.0,0.0,1.0,0.0,0.0,1.0,1
"G[0,2](Pt_FatherT1D >= 0.000 | Pt_InsGov >= 0.000)
",0.000,0.000,0.000,1.000,0.000,0,0,1,0,0,1,1,0,0.0,0.0,1.0,0.0,0.0,1.0,1
"G[1,2](((Pt_CGMUseNumDays <= 4313.000 | diabDur >= 34.000) -> BGTestAvgNumPtRep >= 34.000) & UnitsInsBasalOrLongAct <= 34.000)
",0.000,0.000,0.000,1.000,0.000,0,0,1,0,0,1,1,0,0.0,0.0,1.0,0.0,0.0,1.0,1
"G[0,1]((diabDur <= 34.000 & Pt_SHFlg >= 0.398) & BldPrDia <= 0.398)
",0.000,0.000,0.000,1.000,0.000,0,0,0,1,1,0,0,1,0.0,0.0,0.0,0.0,0.0,1.0,1
"G[0,2](TSH >= 0.000 & Pt_A1cGoalLev <= 0.000)
",0.000,0.000,0.000,1.000,0.000,0,0,1,0,0,1,1,0,0.0,0.0,1.0,0.0,0.0,1.0,1
"G[0,1]((diagAgeCombo <= 0.000 -> HDL <= 215.000) -> DirectLDL >= 215.000)
",0.000,0.000,0.000,1.000,0.000,0,0,0,1,1,0,0,1,0.0,0.0,0.0,0.0,0.0,1.0,1
"G[1,2]((HDL >= 215.000 | BGTestAvgNumPtRep <= 0.000) | Pt_InsGov >= 0.000)
",0.000,0.000,0.000,1.000,0.000,0,0,1,0,0,1,1,0,0.0,0.0,1.0,0.0,0.0,1.0,1
"G[0,1]((TotalDailyInsPerKg <= 33.000 | Pt_InsGov <= 0.000) -> WeightKg >= 0.000)
",0.000,0.000,0.000,1.000,0.000,0,0,1,0,0,1,1,0,0.0,0.0,1.0,0.0,0.0,1.0,1
"G[2,2](((bmiPerc <= 0.000 | Pt_InsGov >= 0.000) & BldPrDia >= 0.000) | age >= 0.000)
",0.000,0.000,0.000,1.000,0.000,0,0,1,0,0,1,1,0,0.0,0.0,1.0,0.0,0.0,1.0,1
"G[2,2]((Pt_DKAFlg >= 0.000 -> Pt_FatherT1D >= 0.000) -> Triglyc <= 0.000)
",0.000,0.000,0.000,1.000,0.000,0,0,1,0,0,1,1,0,0.0,0.0,1.0,0.0,0.0,1.0,1
"G[0,1]((HbA1c >= 0.000 -> bmiPerc >= 0.000) | SMBGperDayPtMeterCombo >= 0.000)
",0.000,0.000,0.000,1.000,0.000,0,0,1,0,0,1,1,0,0.0,0.0,1.0,0.0,0.0,1.0,1
"G[0,1](diabDur <= 34.000 | DirectLDL <= 0.000)
",0.000,0.000,0.000,1.000,0.000,0,0,1,0,0,1,1,0,0.0,0.0,1.0,0.0,0.0,1.0,1
"G[0,2]((TotalDailyInsPerKg >= 33.000 & BUN <= 164.000) | LDL >= 164.000)
",0.000,0.000,0.000,1.000,0.000,0,0,1,0,0,1,1,0,0.0,0.0,1.0,0.0,0.0,1.0,1
"G[2,2](((age <= 0.000 | Pt_GrandchildT1D >= 0.000) | LDL <= 0.000) | Pt_ChildT1D <= 0.000)
",0.000,0.000,0.000,1.000,0.000,0,0,1,0,0,1,1,0,0.0,0.0,1.0,0.0,0.0,1.0,1
"G[2,2](((HbA1c >= 0.000 | NumPumpBolusOrShortAct >= 1.000) -> AlbCreatRat_mggNew >= 1.000) & Pt_ChildT1D >= 1.000)
",0.000,0.000,0.000,1.000,0.000,0,0,1,0,0,1,1,0,0.0,0.0,1.0,0.0,0.0,1.0,1
"G[0,1](((WeightKg <= 0.000 & Pt_A1cGoalLevelDsYr5 <= 0.000) & TSH >= 0.000) & HeightCm >= 0.000)
",0.000,0.000,0.000,1.000,0.000,0,0,1,0,0,1,1,0,0.0,0.0,1.0,0.0,0.0,1.0,1
"G[1,2](((Pt_SHFlg <= 0.398 | AutonomicNeuroCl <= 8.800) -> SMBGperDayPtMeterCombo >= 8.800) & HDL <= 8.800)
",0.000,0.000,0.000,1.000,0.000,0,0,1,0,0,1,1,0,0.0,0.0,1.0,0.0,0.0,1.0,1
"G[0,1]((BGTestAvgNumMeter >= 0.000 & Pt_DKAFlg >= 0.000) | Pt_DKAFlg >= 0.000)
",0.000,0.000,0.000,1.000,0.000,0,0,1,0,0,1,1,0,0.0,0.0,1.0,0.0,0.0,1.0,1
"G[1,1](Pt_FatherT1D <= 0.000 & Pt_SHFlg = 0.398)
",0.000,0.000,0.000,1.000,0.000,0,0,1,0,0,1,1,0,0.0,0.0,1.0,0.0,0.0,1.0,1
"G[0,2](((HDL <= 215.000 | BldPrSys >= 0.000) | bmiPerc >= 0.000) | LDL <= 0.000)
",0.000,0.000,0.000,1.000,0.000,0,0,1,0,0,1,1,0,0.0,0.0,1.0,0.0,0.0,1.0,1
"G[0,1]((diabDur <= 34.000 -> bmiPerc <= 0.000) | GFR <= 0.000)
",0.000,0.000,0.000,1.000,0.000,0,0,1,0,0,1,1,0,0.0,0.0,1.0,0.0,0.0,1.0,1
"G[0,2](diabDur >= 34.000 | BGTestAvgNumMeter >= 0.000)
",0.000,0.000,0.000,1.000,0.000,0,0,1,0,0,1,1,0,0.0,0.0,1.0,0.0,0.0,1.0,1
"G[0,1](BldPrDia >= 120.000 | bmiPerc >= 0.000)
",0.000,0.000,0.000,1.000,0.000,0,0,1,0,0,1,1,0,0.0,0.0,1.0,0.0,0.0,1.0,1
"G[2,2](((HbA1cImputeDtMnC <= 0.000 -> TSH <= 0.000) & Pt_SHFlg >= 0.000) & HbA1c >= 0.000)
",0.000,0.000,0.000,1.000,0.000,0,0,1,0,0,1,1,0,0.0,0.0,1.0,0.0,0.0,1.0,1
"G[0,1](((DirectLDL <= 0.000 | Pt_InsGov >= 0.000) -> AlbCreatRat_mggNew >= 0.000) -> bmi >= 0.000)
",0.000,0.000,0.000,1.000,0.000,0,0,1,0,0,1,1,0,0.0,0.0,1.0,0.0,0.0,1.0,1
"G[0,0](bmiZscore > 0.000 & Pt_SHFlg = 0.398)
",0.000,0.000,0.000,1.000,0.000,0,0,0,1,1,0,0,1,0.0,0.0,0.0,0.0,0.0,1.0,1
"G[1,2](((bmiZscore <= 0.000 | AlbCreatRat_mggNew <= 11.000) -> AlbCreatRat_mggNew <= 11.000) -> diagAgeCombo >= 11.000)
",0.000,0.000,0.000,1.000,0.000,0,0,1,0,0,1,1,0,0.0,0.0,1.0,0.0,0.0,1.0,1
"G[0,1](((DirectLDL <= 0.000 -> DirectLDL >= 0.000) | HbA1c >= 0.000) & Pt_SiblingT1D <= 0.000)
",0.000,0.000,0.000,1.000,0.000,0,0,1,0,0,1,1,0,0.0,0.0,1.0,0.0,0.0,1.0,1
"G[0,2](((UnitsInsBasalOrLongAct >= 6.000 -> bmi <= 0.000) -> bmiZscore >= 0.000) | TotalDailyInsPerKg >= 0.000)
",0.000,0.000,0.000,1.000,0.000,0,0,1,0,0,1,1,0,0.0,0.0,1.0,0.0,0.0,1.0,1
"G[0,2]((diabDur <= 34.000 -> BGTestAvgNumMeter <= 0.000) & Pt_A1cGoalLev <= 0.000)
",0.000,0.000,0.000,1.000,0.000,0,0,1,0,0,1,1,0,0.0,0.0,1.0,0.0,0.0,1.0,1
"G[0,2](((TotChol >= 45.000 -> Triglyc <= 0.000) & GFR <= 0.000) -> age >= 0.000)
",0.000,0.000,0.000,1.000,0.000,0,0,1,0,0,1,1,0,0.0,0.0,1.0,0.0,0.0,1.0,1
"G[0,2]((Pt_CGMUseNumDays <= 4313.000 -> Pt_InsGov >= 0.000) | Pt_GrandparentT1D <= 0.000)
",0.000,0.000,0.000,1.000,0.000,0,0,1,0,0,1,1,0,0.0,0.0,1.0,0.0,0.0,1.0,1
"G[1,1](((AlbCreatRat_mggNew >= 11.000 | WeightKg <= 0.000) & HDL <= 0.000) | Triglyc >= 0.000)
",0.000,0.000,0.000,1.000,0.000,0,0,1,0,0,1,1,0,0.0,0.0,1.0,0.0,0.0,1.0,1
"G[1,2]((UnitsInsBasalOrLongAct <= 6.000 & Pt_ChildT1D >= 0.000) | Pt_InsGov >= 0.000)
",0.000,0.000,0.000,1.000,0.000,0,0,1,0,0,1,1,0,0.0,0.0,1.0,0.0,0.0,1.0,1
"G[1,2](Pt_DKAFlg <= 0.000 -> HbA1c <= 0.000)
",0.000,0.000,0.000,1.000,0.000,0,0,1,0,0,1,1,0,0.0,0.0,1.0,0.0,0.0,1.0,1
"G[1,2](SMBGperDayPtMeterCombo >= 57.000 & LDL <= 0.000)
",0.000,0.000,0.000,1.000,0.000,0,0,1,0,0,1,1,0,0.0,0.0,1.0,0.0,0.0,1.0,1
"G[1,2](((BGTestAvgNumMeter <= 0.000 -> Pt_SHFlg >= 0.398) & diagAgeCombo <= 0.398) | AutonomicNeuroCl >= 0.398)
",0.000,0.000,0.000,1.000,0.000,0,0,1,0,0,1,1,0,0.0,0.0,1.0,0.0,0.0,1.0,1
"G[1,2](((Triglyc <= 0.000 & SMBGperDayPtMeterCombo <= 57.000) | NumPumpBolusOrShortAct <= 57.000) & diagAgeCombo <= 57.000)
",0.000,0.000,0.000,1.000,0.000,0,0,1,0,0,1,1,0,0.0,0.0,1.0,0.0,0.0,1.0,1
"G[2,2](((diagAgeCombo >= 0.000 -> Pt_ChildT1D <= 0.000) | HDL <= 0.000) -> TSH <= 0.000)
",0.000,0.000,0.000,1.000,0.000,0,0,1,0,0,1,1,0,0.0,0.0,1.0,0.0,0.0,1.0,1
"G[0,1]((Pt_SiblingT1D >= 0.000 | BldPrSys <= 0.000) & Pt_ChildT1D <= 0.000)
",0.000,0.000,0.000,1.000,0.000,0,0,1,0,0,1,1,0,0.0,0.0,1.0,0.0,0.0,1.0,1
"G[2,2](((Pt_SiblingT1D <= 0.000 -> bmiZscore >= 0.000) | GFR <= 0.000) & HDL >= 0.000)
",0.000,0.000,0.000,1.000,0.000,0,0,1,0,0,1,1,0,0.0,0.0,1.0,0.0,0.0,1.0,1
"G[0,2](((HbA1c >= 0.000 | diagAgeCombo >= 0.000) & DirectLDL <= 0.000) -> TotalDailyInsPerKg >= 0.000)
",0.000,0.000,0.000,1.000,0.000,0,0,1,0,0,1,1,0,0.0,0.0,1.0,0.0,0.0,1.0,1
"G[2,2]((Pt_FatherT1D <= 0.000 -> Pt_A1cGoalLevelDsYr5 <= 0.000) & Pt_A1cGoalLev <= 0.000)
",0.000,0.000,0.000,1.000,0.000,0,0,1,0,0,1,1,0,0.0,0.0,1.0,0.0,0.0,1.0,1
"G[0,2](TSH >= 0.000 & BUN >= 164.000)
",0.000,0.000,0.000,1.000,0.000,0,0,0,1,1,0,0,1,0.0,0.0,0.0,0.0,0.0,1.0,1
"G[1,2](HbA1cImputeDtMnC >= 0.000 -> diabDur <= 34.000)
",0.000,0.000,0.000,1.000,0.000,0,0,1,0,0,1,1,0,0.0,0.0,1.0,0.0,0.0,1.0,1
"G[0,1]((HbA1c >= 0.000 & AlbCreatRat_mggNew <= 11.000) | HbA1c >= 11.000)
",0.000,0.000,0.000,1.000,0.000,0,0,1,0,0,1,1,0,0.0,0.0,1.0,0.0,0.0,1.0,1
"((Triglyc >= 0.000) U[1,2] (Pt_SHFlg <= 0.398))
",0.000,0.000,0.000,0.000,1.000,0,0,0,1,1,0,0,1,0.0,0.0,0.0,0.0,0.0,1.0,-1
"G[0,2](((Pt_CGMUseNumDays <= 4313.000 | Pt_DKAFlg >= 0.000) & bmi >= 0.000) -> GFR >= 0.000)
",0.000,0.000,0.000,1.000,0.000,0,0,1,0,0,1,1,0,0.0,0.0,1.0,0.0,0.0,1.0,1
"G[1,2]((NumPumpBolusOrShortAct >= 1.000 & Pt_CGMUseNumDays <= 4313.000) | AutonomicNeuroCl <= 4313.000)
",0.000,0.000,0.000,1.000,0.000,0,0,1,0,0,1,1,0,0.0,0.0,1.0,0.0,0.0,1.0,1
"G[2,2](AutonomicNeuroCl >= 8.800 -> Pt_SiblingT1D <= 0.000)
",0.000,0.000,0.000,1.000,0.000,0,0,1,0,0,1,1,0,0.0,0.0,1.0,0.0,0.0,1.0,1
"G[2,2](((BGTestAvgNumPtRep <= 0.000 | UnitsInsBasalOrLongAct <= 6.000) -> HDL >= 6.000) & Pt_DKAFlg <= 6.000)
",0.000,0.000,0.000,1.000,0.000,0,0,1,0,0,1,1,0,0.0,0.0,1.0,0.0,0.0,1.0,1
"G[0,2](((GFR >= 0.000 & WeightKg >= 0.000) & Pt_FatherT1D <= 0.000) & UnitsInsBasalOrLongAct >= 0.000)
",0.000,0.000,0.000,1.000,0.000,0,0,1,0,0,1,1,0,0.0,0.0,1.0,0.0,0.0,1.0,1
"G[2,2](Pt_ChildT1D >= 0.000 -> diabDur >= 34.000)
",0.000,0.000,0.000,1.000,0.000,0,0,1,0,0,1,1,0,0.0,0.0,1.0,0.0,0.0,1.0,1
"G[1,2]((WeightKg >= 0.000 | Pt_InsGov >= 0.000) & WeightKg <= 0.000)
",0.000,0.000,0.000,1.000,0.000,0,0,1,0,0,1,1,0,0.0,0.0,1.0,0.0,0.0,1.0,1
"G[0,2](((HbA1cImputeDtMnC <= 0.000 -> BGTestAvgNumMeter >= 0.000) | HbA1cImputeDtMnC <= 0.000) -> NumPumpBolusOrShortAct >= 0.000)
",0.000,0.000,0.000,1.000,0.000,0,0,1,0,0,1,1,0,0.0,0.0,1.0,0.0,0.0,1.0,1
"G[1,2](((Pt_A1cGoalLevelDsYr5 >= 0.000 & WeightKg <= 0.000) -> Pt_GrandparentT1D >= 0.000) -> Pt_A1cGoalLevelDsYr5 >= 0.000)
",0.000,0.000,0.000,1.000,0.000,0,0,1,0,0,1,1,0,0.0,0.0,1.0,0.0,0.0,1.0,1
"G[1,1]((GFR >= 0.000 | TotChol <= 45.000) | AlbCreatRat_mggNew >= 45.000)
",0.000,0.000,0.000,1.000,0.000,0,0,1,0,0,1,1,0,0.0,0.0,1.0,0.0,0.0,1.0,1
"G[1,2]((Pt_DKAFlg <= 0.000 | bmiPerc <= 0.000) | LDL <= 0.000)
",0.000,0.000,0.000,1.000,0.000,0,0,1,0,0,1,1,0,0.0,0.0,1.0,0.0,0.0,1.0,1
"G[1,1](((SMBGperDayPtMeterCombo <= 57.000 -> HbA1c <= 0.000) -> Pt_CGMUseNumDays <= 0.000) & Pt_GrandchildT1D <= 0.000)
",0.000,0.000,0.000,1.000,0.000,0,0,1,0,0,1,1,0,0.0,0.0,1.0,0.0,0.0,1.0,1
"G[1,2](((HeightCm >= 0.000 & Pt_GrandchildT1D >= 0.000) | AutonomicNeuroCl >= 0.000) | HbA1cImputeDtMnC >= 0.000)
",0.000,0.000,0.000,1.000,0.000,0,0,1,0,0,1,1,0,0.0,0.0,1.0,0.0,0.0,1.0,1
"G[1,2](Pt_MotherT1D <= 0.000 -> bmiPerc <= 0.000)
",0.000,0.000,0.000,1.000,0.000,0,0,1,0,0,1,1,0,0.0,0.0,1.0,0.0,0.0,1.0,1
"G[1,2]((BldPrDia <= 120.000 & Pt_SHFlg >= 0.398) | WeightKg >= 0.398)
",0.000,0.000,0.000,1.000,0.000,0,0,1,0,0,1,1,0,0.0,0.0,1.0,0.0,0.0,1.0,1
"G[1,2]((Pt_ChildT1D >= 0.000 & Pt_InsGov >= 0.000) -> Pt_MotherT1D >= 0.000)
",0.000,0.000,0.000,1.000,0.000,0,0,1,0,0,1,1,0,0.0,0.0,1.0,0.0,0.0,1.0,1
"G[1,2](GFR >= 0.000 & BldPrSys >= 0.000)
",0.000,0.000,0.000,1.000,0.000,0,0,1,0,0,1,1,0,0.0,0.0,1.0,0.0,0.0,1.0,1
"G[1,2](Pt_A1cGoalLev >= 0.000 -> HeightCm <= 0.000)
",0.000,0.000,0.000,1.000,0.000,0,0,1,0,0,1,1,0,0.0,0.0,1.0,0.0,0.0,1.0,1
"G[1,1](((GFR >= 0.000 & TSH >= 0.000) -> Pt_A1cGoalLev >= 0.000) -> diabDur <= 0.000)
",0.000,0.000,0.000,1.000,0.000,0,0,1,0,0,1,1,0,0.0,0.0,1.0,0.0,0.0,1.0,1
"G[1,2]((AlbCreatRat_mggNew >= 11.000 | diagAgeCombo >= 0.000) & LDL >= 0.000)
",0.000,0.000,0.000,1.000,0.000,0,0,1,0,0,1,1,0,0.0,0.0,1.0,0.0,0.0,1.0,1
"G[0,1]((HDL >= 215.000 -> BldPrSys >= 0.000) & Pt_CGMUseNumDays <= 0.000)
",0.000,0.000,0.000,1.000,0.000,0,0,1,0,0,1,1,0,0.0,0.0,1.0,0.0,0.0,1.0,1
"G[1,2](((Pt_ChildT1D >= 0.000 | DirectLDL <= 0.000) -> bmiZscore >= 0.000) & DirectLDL <= 0.000)
",0.000,0.000,0.000,1.000,0.000,0,0,1,0,0,1,1,0,0.0,0.0,1.0,0.0,0.0,1.0,1
"G[0,1]((HeightCm <= 0.000 -> BldPrDia >= 120.000) | BGTestAvgNumMeter <= 120.000)
",0.000,0.000,0.000,1.000,0.000,0,0,1,0,0,1,1,0,0.0,0.0,1.0,0.0,0.0,1.0,1
"G[1,2](((bmi >= 0.000 & SMBGperDayPtMeterCombo >= 57.000) | DirectLDL <= 57.000) & DirectLDL >= 57.000)
",0.000,0.000,0.000,1.000,0.000,0,0,1,0,0,1,1,0,0.0,0.0,1.0,0.0,0.0,1.0,1
"G[2,2]((Pt_MotherT1D >= 0.000 -> NumPumpBolusOrShortAct <= 1.000) -> Pt_SHFlg >= 1.000)
",0.000,0.000,0.000,1.000,0.000,0,0,1,0,0,1,1,0,0.0,0.0,1.0,0.0,0.0,1.0,1
"G[1,2](TSH <= 0.000 | BUN <= 164.000)
",0.000,0.000,0.000,1.000,0.000,0,0,1,0,0,1,1,0,0.0,0.0,1.0,0.0,0.0,1.0,1
"G[0,1]((Pt_ChildT1D <= 0.000 & Pt_FatherT1D >= 0.000) -> SMBGperDayPtMeterCombo >= 0.000)
",0.000,0.000,0.000,1.000,0.000,0,0,1,0,0,1,1,0,0.0,0.0,1.0,0.0,0.0,1.0,1
"G[2,2]((BldPrDia <= 120.000 & WeightKg <= 0.000) & Pt_CGMUseNumDays <= 0.000)
",0.000,0.000,0.000,1.000,0.000,0,0,1,0,0,1,1,0,0.0,0.0,1.0,0.0,0.0,1.0,1
"G[1,1](SMBGperDayPtMeterCombo >= 57.000 & BGTestAvgNumPtRep >= 0.000)
",0.000,0.000,0.000,1.000,0.000,0,0,1,0,0,1,1,0,0.0,0.0,1.0,0.0,0.0,1.0,1
"G[0,0](Pt_CGMUseNumDays <= 4313.000 -> TotChol >= 45.000)
",0.000,0.000,0.000,1.000,0.000,0,0,0,1,1,0,0,1,0.0,0.0,0.0,0.0,0.0,1.0,1
"G[0,2](((TotChol >= 45.000 & WeightKg >= 0.000) | HbA1cImputeDtMnC <= 0.000) -> SMBGperDayPtMeterCombo >= 0.000)
",0.000,0.000,0.000,1.000,0.000,0,0,1,0,0,1,1,0,0.0,0.0,1.0,0.0,0.0,1.0,1
"G[0,1](DirectLDL >= 0.000 & HDL >= 215.000)
",0.000,0.000,0.000,1.000,0.000,0,0,0,1,1,0,0,1,0.0,0.0,0.0,0.0,0.0,1.0,1
"G[0,2]((bmiZscore <= 0.000 -> Pt_A1cGoalLevelDsYr5 <= 0.000) -> TotalDailyInsPerKg <= 0.000)
",0.000,0.000,0.000,1.000,0.000,0,0,1,0,0,1,1,0,0.0,0.0,1.0,0.0,0.0,1.0,1
"G[0,1]((bmiZscore >= 0.000 -> HDL <= 215.000) | DirectLDL >= 215.000)
",0.000,0.000,0.000,1.000,0.000,0,0,1,0,0,1,1,0,0.0,0.0,1.0,0.0,0.0,1.0,1
"G[1,2]((SMBGperDayPtMeterCombo <= 57.000 & HeightCm <= 0.000) & HeightCm >= 0.000)
",0.000,0.000,0.000,1.000,0.000,0,0,1,0,0,1,1,0,0.0,0.0,1.0,0.0,0.0,1.0,1
"G[2,2]((AlbCreatRat_mggNew <= 11.000 & bmiZscore <= 0.000) | AutonomicNeuroCl <= 0.000)
",0.000,0.000,0.000,1.000,0.000,0,0,1,0,0,1,1,0,0.0,0.0,1.0,0.0,0.0,1.0,1
"G[0,1](((bmi <= 0.000 & DirectLDL >= 0.000) & DirectLDL <= 0.000) | BldPrSys <= 0.000)
",0.000,0.000,0.000,1.000,0.000,0,0,1,0,0,1,1,0,0.0,0.0,1.0,0.0,0.0,1.0,1
"G[1,1](Pt_FatherT1D >= 0.000 | AlbCreatRat_mggNew <= 11.000)
",0.000,0.000,0.000,1.000,0.000,0,0,1,0,0,1,1,0,0.0,0.0,1.0,0.0,0.0,1.0,1
"G[2,2](((HbA1cImputeDtMnC <= 0.000 & Pt_SiblingT1D <= 0.000) | bmiZscore <= 0.000) & Pt_ChildT1D <= 0.000)
",0.000,0.000,0.000,1.000,0.000,0,0,1,0,0,1,1,0,0.0,0.0,1.0,0.0,0.0,1.0,1
"G[2,2](Pt_SHFlg >= 0.398 & age >= 0.000)
",0.000,0.000,0.000,1.000,0.000,0,0,1,0,0,1,1,0,0.0,0.0,1.0,0.0,0.0,1.0,1
"G[1,1](((Pt_SiblingT1D <= 0.000 & Pt_SiblingT1D <= 0.000) -> Pt_GrandparentT1D >= 0.000) & Pt_GrandchildT1D <= 0.000)
",0.000,0.000,0.000,1.000,0.000,0,0,1,0,0,1,1,0,0.0,0.0,1.0,0.0,0.0,1.0,1
"G[0,1](((Pt_MotherT1D <= 0.000 | Triglyc <= 0.000) | diagAgeCombo <= 0.000) -> Pt_GrandchildT1D >= 0.000)
",0.000,0.000,0.000,1.000,0.000,0,0,1,0,0,1,1,0,0.0,0.0,1.0,0.0,0.0,1.0,1
"G[0,1](((Pt_GrandchildT1D <= 0.000 | WeightKg >= 0.000) -> bmiPerc <= 0.000) & bmiPerc <= 0.000)
",0.000,0.000,0.000,1.000,0.000,0,0,1,0,0,1,1,0,0.0,0.0,1.0,0.0,0.0,1.0,1
"G[1,2]((Triglyc >= 0.000 & Pt_SiblingT1D <= 0.000) & TotChol <= 0.000)
",0.000,0.000,0.000,1.000,0.000,0,0,1,0,0,1,1,0,0.0,0.0,1.0,0.0,0.0,1.0,1
"G[0,1]((TotalDailyInsPerKg <= 33.000 | Pt_SiblingT1D >= 0.000) | LDL >= 0.000)
",0.000,0.000,0.000,1.000,0.000,0,0,1,0,0,1,1,0,0.0,0.0,1.0,0.0,0.0,1.0,1
"G[1,2](Pt_FatherT1D >= 0.000 -> Pt_GrandchildT1D <= 0.000)
",0.000,0.000,0.000,1.000,0.000,0,0,1,0,0,1,1,0,0.0,0.0,1.0,0.0,0.0,1.0,1
"G[0,2](BldPrDia <= 120.000 | DirectLDL <= 0.000)
",0.000,0.000,0.000,1.000,0.000,0,0,1,0,0,1,1,0,0.0,0.0,1.0,0.0,0.0,1.0,1
"G[2,2](NumPumpBolusOrShortAct >= 1.000 -> Pt_DKAFlg <= 0.000)
",0.000,0.000,0.000,1.000,0.000,0,0,1,0,0,1,1,0,0.0,0.0,1.0,0.0,0.0,1.0,1
"G[0,2](((age >= 0.000 | HbA1cImputeDtMnC >= 0.000) | diabDur >= 0.000) -> AlbCreatRat_mggNew <= 0.000)
",0.000,0.000,0.000,1.000,0.000,0,0,0,1,1,0,0,1,0.0,0.0,0.0,0.0,0.0,1.0,1
"G[0,1](HDL >= 215.000 & SMBGperDayPtMeterCombo <= 57.000)
",0.000,0.000,0.000,1.000,0.000,0,0,0,1,1,0,0,1,0.0,0.0,0.0,0.0,0.0,1.0,1
"G[1,2](BldPrSys >= 0.000 & NumPumpBolusOrShortAct >= 1.000)
",0.000,0.000,0.000,1.000,0.000,0,0,1,0,0,1,1,0,0.0,0.0,1.0,0.0,0.0,1.0,1
"G[1,2]((BldPrDia >= 120.000 & HbA1c <= 0.000) -> bmiPerc >= 0.000)
",0.000,0.000,0.000,1.000,0.000,0,0,1,0,0,1,1,0,0.0,0.0,1.0,0.0,0.0,1.0,1
"G[0,2]((BldPrDia >= 120.000 -> age >= 0.000) & DirectLDL >= 0.000)
",0.000,0.000,0.000,1.000,0.000,0,0,1,0,0,1,1,0,0.0,0.0,1.0,0.0,0.0,1.0,1
"G[0,2]((bmiZscore >= 0.000 | diagAgeCombo >= 0.000) -> HbA1cImputeDtMnC <= 0.000)
",0.000,0.000,0.000,1.000,0.000,0,0,0,1,1,0,0,1,0.0,0.0,0.0,0.0,0.0,1.0,1
"G[0,1]((HbA1c >= 0.000 | BldPrSys <= 0.000) | TSH >= 0.000)
",0.000,0.000,0.000,1.000,0.000,0,0,1,0,0,1,1,0,0.0,0.0,1.0,0.0,0.0,1.0,1
"G[0,2](((UnitsInsBasalOrLongAct <= 6.000 & LDL <= 0.000) | age <= 0.000) -> Triglyc <= 0.000)
",0.000,0.000,0.000,1.000,0.000,0,0,1,0,0,1,1,0,0.0,0.0,1.0,0.0,0.0,1.0,1
"G[0,1](TotChol <= 45.000 & AlbCreatRat_mggNew >= 11.000)
",0.000,0.000,0.000,1.000,0.000,0,0,0,1,1,0,0,1,0.0,0.0,0.0,0.0,0.0,1.0,1
"G[1,2]((AutonomicNeuroCl >= 8.800 | NumPumpBolusOrShortAct >= 1.000) & Pt_FatherT1D <= 1.000)
",0.000,0.000,0.000,1.000,0.000,0,0,1,0,0,1,1,0,0.0,0.0,1.0,0.0,0.0,1.0,1
"G[1,2](((Pt_ChildT1D >= 0.000 -> AlbCreatRat_mggNew <= 11.000) & diabDur <= 11.000) | Pt_GrandparentT1D >= 11.000)
",0.000,0.000,0.000,1.000,0.000,0,0,1,0,0,1,1,0,0.0,0.0,1.0,0.0,0.0,1.0,1
"G[1,1](((HbA1c <= 0.000 -> GFR <= 0.000) & HeightCm <= 0.000) & bmiPerc >= 0.000)
",0.000,0.000,0.000,1.000,0.000,0,0,1,0,0,1,1,0,0.0,0.0,1.0,0.0,0.0,1.0,1
"G[0,2](((Pt_MotherT1D <= 0.000 -> GFR >= 0.000) | diabDur <= 0.000) & Pt_A1cGoalLev <= 0.000)
",0.000,0.000,0.000,1.000,0.000,0,0,1,0,0,1,1,0,0.0,0.0,1.0,0.0,0.0,1.0,1
"G[1,2](LDL <= 0.000 -> TotChol <= 45.000)
",0.000,0.000,0.000,1.000,0.000,0,0,1,0,0,1,1,0,0.0,0.0,1.0,0.0,0.0,1.0,1
"G[0,1]((Pt_SHFlg >= 0.398 -> Pt_MotherT1D >= 0.000) -> Pt_CGMUseNumDays >= 0.000)
",0.000,0.000,0.000,1.000,0.000,0,0,1,0,0,1,1,0,0.0,0.0,1.0,0.0,0.0,1.0,1
"G[1,2](bmiZscore <= 0.000 -> AlbCreatRat_mggNew <= 11.000)
",0.000,0.000,0.000,1.000,0.000,0,0,1,0,0,1,1,0,0.0,0.0,1.0,0.0,0.0,1.0,1
"G[2,2]((diabDur >= 34.000 | Pt_A1cGoalLevelDsYr5 >= 0.000) & Pt_SiblingT1D >= 0.000)
",0.000,0.000,0.000,1.000,0.000,0,0,1,0,0,1,1,0,0.0,0.0,1.0,0.0,0.0,1.0,1
"G[1,2]((NumPumpBolusOrShortAct <= 1.000 & HbA1c <= 0.000) & bmi >= 0.000)
",0.000,0.000,0.000,1.000,0.000,0,0,1,0,0,1,1,0,0.0,0.0,1.0,0.0,0.0,1.0,1
"G[2,2](((BldPrDia <= 120.000 -> AlbCreatRat_mggNew >= 11.000) -> GFR <= 11.000) & bmi >= 11.000)
",0.000,0.000,0.000,1.000,0.000,0,0,1,0,0,1,1,0,0.0,0.0,1.0,0.0,0.0,1.0,1
"G[1,2](((Pt_A1cGoalLev >= 0.000 | TotChol >= 45.000) -> bmiPerc <= 45.000) -> HbA1cImputeDtMnC >= 45.000)
",0.000,0.000,0.000,1.000,0.000,0,0,1,0,0,1,1,0,0.0,0.0,1.0,0.0,0.0,1.0,1
"G[2,2]((Pt_DKAFlg <= 0.000 & TotChol <= 45.000) & Pt_FatherT1D >= 45.000)
",0.000,0.000,0.000,1.000,0.000,0,0,1,0,0,1,1,0,0.0,0.0,1.0,0.0,0.0,1.0,1
"G[1,1](HDL >= 215.000 & Pt_SHFlg = 0.398)
",0.000,0.000,0.000,1.000,0.000,0,0,1,0,0,1,1,0,0.0,0.0,1.0,0.0,0.0,1.0,1
"G[1,2](((NumPumpBolusOrShortAct <= 1.000 | Pt_MotherT1D <= 0.000) & BldPrDia >= 0.000) & bmi <= 0.000)
",0.000,0.000,0.000,1.000,0.000,0,0,1,0,0,1,1,0,0.0,0.0,1.0,0.0,0.0,1.0,1
"G[2,2](Pt_SiblingT1D <= 0.000 -> Pt_SHFlg = 0.398)
",0.000,0.000,0.000,1.000,0.000,0,0,1,0,0,1,1,0,0.0,0.0,1.0,0.0,0.0,1.0,1
"G[0,2](AutonomicNeuroCl >= 8.800 | NumPumpBolusOrShortAct <= 1.000)
",0.000,0.000,0.000,1.000,0.000,0,0,1,0,0,1,1,0,0.0,0.0,1.0,0.0,0.0,1.0,1
"G[2,2](SMBGperDayPtMeterCombo >= 57.000 -> LDL <= 0.000)
",0.000,0.000,0.000,1.000,0.000,0,0,1,0,0,1,1,0,0.0,0.0,1.0,0.0,0.0,1.0,1
"G[1,2](((BGTestAvgNumMeter <= 0.000 -> TotalDailyInsPerKg <= 33.000) -> LDL <= 33.000) & BldPrDia >= 33.000)
",0.000,0.000,0.000,1.000,0.000,0,0,1,0,0,1,1,0,0.0,0.0,1.0,0.0,0.0,1.0,1
"G[1,1](Pt_CGMUseNumDays >= 4313.000 | BldPrSys >= 0.000)
",0.000,0.000,0.000,1.000,0.000,0,0,1,0,0,1,1,0,0.0,0.0,1.0,0.0,0.0,1.0,1
"G[1,1](Pt_MotherT1D <= 0.000 -> BldPrDia <= 120.000)
",0.000,0.000,0.000,1.000,0.000,0,0,1,0,0,1,1,0,0.0,0.0,1.0,0.0,0.0,1.0,1
"G[0,2](((Pt_MotherT1D <= 0.000 | Pt_SiblingT1D >= 0.000) & Pt_GrandchildT1D <= 0.000) & WeightKg <= 0.000)
",0.000,0.000,0.000,1.000,0.000,0,0,1,0,0,1,1,0,0.0,0.0,1.0,0.0,0.0,1.0,1
"G[0,1]((Pt_SiblingT1D <= 0.000 | AutonomicNeuroCl >= 8.800) -> Pt_GrandparentT1D <= 8.800)
",0.000,0.000,0.000,1.000,0.000,0,0,1,0,0,1,1,0,0.0,0.0,1.0,0.0,0.0,1.0,1
"G[1,2](NumPumpBolusOrShortAct <= 1.000 & Pt_SiblingT1D >= 0.000)
",0.000,0.000,0.000,1.000,0.000,0,0,1,0,0,1,1,0,0.0,0.0,1.0,0.0,0.0,1.0,1
"G[0,2]((bmiZscore >= 0.000 -> LDL <= 0.000) & HDL >= 0.000)
",0.000,0.000,0.000,1.000,0.000,0,0,0,1,1,0,0,1,0.0,0.0,0.0,0.0,0.0,1.0,1
"G[0,2](((age >= 0.000 | BldPrSys >= 0.000) | TotalDailyInsPerKg <= 0.000) -> DirectLDL >= 0.000)
",0.000,0.000,0.000,1.000,0.000,0,0,1,0,0,1,1,0,0.0,0.0,1.0,0.0,0.0,1.0,1
"G[2,2](((Pt_ChildT1D >= 0.000 & BldPrDia <= 120.000) -> Pt_DKAFlg <= 120.000) & bmiPerc >= 120.000)
",0.000,0.000,0.000,1.000,0.000,0,0,1,0,0,1,1,0,0.0,0.0,1.0,0.0,0.0,1.0,1
"G[1,1]((BldPrSys >= 0.000 & DirectLDL >= 0.000) | Pt_SHFlg >= 0.000)
",0.000,0.000,0.000,1.000,0.000,0,0,1,0,0,1,1,0,0.0,0.0,1.0,0.0,0.0,1.0,1
"G[0,1](((diagAgeCombo >= 0.000 | GFR >= 0.000) -> HeightCm <= 0.000) -> BldPrSys >= 0.000)
",0.000,0.000,0.000,1.000,0.000,0,0,1,0,0,1,1,0,0.0,0.0,1.0,0.0,0.0,1.0,1
"G[0,1]((Pt_InsGov <= 0.000 & Pt_A1cGoalLevelDsYr5 <= 0.000) | diagAgeCombo >= 0.000)
",0.000,0.000,0.000,1.000,0.000,0,0,1,0,0,1,1,0,0.0,0.0,1.0,0.0,0.0,1.0,1
"G[2,2](((NumPumpBolusOrShortAct >= 1.000 | Pt_SiblingT1D <= 0.000) | Pt_CGMUseNumDays >= 0.000) -> NumPumpBolusOrShortAct >= 0.000)
",0.000,0.000,0.000,1.000,0.000,0,0,1,0,0,1,1,0,0.0,0.0,1.0,0.0,0.0,1.0,1
"G[0,1](((bmiZscore >= 0.000 -> AutonomicNeuroCl >= 8.800) & age <= 8.800) & age >= 8.800)
",0.000,0.000,0.000,1.000,0.000,0,0,0,1,1,0,0,1,0.0,0.0,0.0,0.0,0.0,1.0,1
"G[0,2](((bmiZscore >= 0.000 | Triglyc <= 0.000) & BGTestAvgNumPtRep >= 0.000) & Pt_A1cGoalLev <= 0.000)
",0.000,0.000,0.000,1.000,0.000,0,0,1,0,0,1,1,0,0.0,0.0,1.0,0.0,0.0,1.0,1
"G[0,1](Pt_MotherT1D <= 0.000 & SMBGperDayPtMeterCombo >= 57.000)
",0.000,0.000,0.000,1.000,0.000,0,0,0,1,1,0,0,1,0.0,0.0,0.0,0.0,0.0,1.0,1
"G[0,1](((WeightKg >= 0.000 & Pt_DKAFlg <= 0.000) -> DirectLDL >= 0.000) -> Pt_GrandchildT1D <= 0.000)
",0.000,0.000,0.000,1.000,0.000,0,0,1,0,0,1,1,0,0.0,0.0,1.0,0.0,0.0,1.0,1
"G[2,2](((Pt_DKAFlg <= 0.000 | Pt_GrandchildT1D <= 0.000) -> GFR <= 0.000) -> Pt_InsGov <= 0.000)
",0.000,0.000,0.000,1.000,0.000,0,0,1,0,0,1,1,0,0.0,0.0,1.0,0.0,0.0,1.0,1
"G[0,2](Pt_GrandparentT1D <= 0.000 | bmiZscore >= 0.000)
",0.000,0.000,0.000,1.000,0.000,0,0,1,0,0,1,1,0,0.0,0.0,1.0,0.0,0.0,1.0,1
"G[0,2]((BGTestAvgNumMeter >= 0.000 -> bmiPerc <= 0.000) | LDL >= 0.000)
",0.000,0.000,0.000,1.000,0.000,0,0,1,0,0,1,1,0,0.0,0.0,1.0,0.0,0.0,1.0,1
"G[0,1](BldPrDia >= 120.000 & TotalDailyInsPerKg <= 33.000)
",0.000,0.000,0.000,1.000,0.000,0,0,0,1,1,0,0,1,0.0,0.0,0.0,0.0,0.0,1.0,1
"G[2,2]((Pt_MotherT1D <= 0.000 | Pt_DKAFlg >= 0.000) & GFR <= 0.000)
",0.000,0.000,0.000,1.000,0.000,0,0,1,0,0,1,1,0,0.0,0.0,1.0,0.0,0.0,1.0,1
"G[0,0](Pt_ChildT1D >= 0.000 & HbA1cImputeDtMnC <= 0.000)
",0.000,0.000,0.000,1.000,0.000,0,0,0,1,1,0,0,1,0.0,0.0,0.0,0.0,0.0,1.0,1
"G[0,2](((Triglyc >= 0.000 | Pt_DKAFlg >= 0.000) & Pt_GrandchildT1D <= 0.000) & Pt_GrandparentT1D >= 0.000)
",0.000,0.000,0.000,1.000,0.000,0,0,1,0,0,1,1,0,0.0,0.0,1.0,0.0,0.0,1.0,1
"G[0,1]((BGTestAvgNumMeter >= 0.000 | DirectLDL <= 0.000) -> WeightKg >= 0.000)
",0.000,0.000,0.000,1.000,0.000,0,0,1,0,0,1,1,0,0.0,0.0,1.0,0.0,0.0,1.0,1
"G[1,2]((Pt_FatherT1D >= 0.000 | Pt_FatherT1D >= 0.000) | Pt_ChildT1D <= 0.000)
",0.000,0.000,0.000,1.000,0.000,0,0,1,0,0,1,1,0,0.0,0.0,1.0,0.0,0.0,1.0,1
"G[0,1](GFR <= 0.000 -> BUN >= 164.000)
",0.000,0.000,0.000,1.000,0.000,0,0,0,1,1,0,0,1,0.0,0.0,0.0,0.0,0.0,1.0,1
"G[0,1](Pt_CGMUseNumDays <= 4313.000 & Triglyc <= 0.000)
",0.000,0.000,0.000,1.000,0.000,0,0,0,1,1,0,0,1,0.0,0.0,0.0,0.0,0.0,1.0,1
"G[0,1](((diagAgeCombo <= 0.000 & AlbCreatRat_mggNew >= 11.000) | Pt_ChildT1D <= 11.000) | BUN <= 11.000)
",0.000,0.000,0.000,1.000,0.000,0,0,1,0,0,1,1,0,0.0,0.0,1.0,0.0,0.0,1.0,1
"G[1,2]((HDL >= 215.000 -> Pt_A1cGoalLevelDsYr5 >= 0.000) & bmiPerc >= 0.000)
",0.000,0.000,0.000,1.000,0.000,0,0,1,0,0,1,1,0,0.0,0.0,1.0,0.0,0.0,1.0,1
"G[1,2](bmi >= 0.000 -> Pt_MotherT1D <= 0.000)
",0.000,0.000,0.000,1.000,0.000,0,0,1,0,0,1,1,0,0.0,0.0,1.0,0.0,0.0,1.0,1
"G[0,2]((Pt_MotherT1D <= 0.000 -> Pt_GrandparentT1D >= 0.000) | BGTestAvgNumMeter >= 0.000)
",0.000,0.000,0.000,1.000,0.000,0,0,1,0,0,1,1,0,0.0,0.0,1.0,0.0,0.0,1.0,1
"G[0,2](((Pt_ChildT1D <= 0.000 & age <= 0.000) & diabDur >= 0.000) -> WeightKg >= 0.000)
",0.000,0.000,0.000,1.000,0.000,0,0,1,0,0,1,1,0,0.0,0.0,1.0,0.0,0.0,1.0,1
"G[2,2](BldPrDia <= 120.000 -> Pt_SHFlg = 0.398)
",0.000,0.000,0.000,1.000,0.000,0,0,1,0,0,1,1,0,0.0,0.0,1.0,0.0,0.0,1.0,1
"((BldPrSys >= 0.000) U[0,2] (Pt_GrandparentT1D <= 0.000))
",0.000,0.000,0.000,0.000,1.000,0,0,0,1,1,0,0,1,0.0,0.0,0.0,0.0,0.0,1.0,-1
"G[2,2](((age <= 0.000 -> Pt_ChildT1D >= 0.000) & Pt_MotherT1D <= 0.000) | Pt_InsGov >= 0.000)
",0.000,0.000,0.000,1.000,0.000,0,0,1,0,0,1,1,0,0.0,0.0,1.0,0.0,0.0,1.0,1
"G[2,2]((GFR >= 0.000 -> bmi <= 0.000) | HbA1cImputeDtMnC <= 0.000)
",0.000,0.000,0.000,1.000,0.000,0,0,1,0,0,1,1,0,0.0,0.0,1.0,0.0,0.0,1.0,1
"G[1,2](((TotChol <= 45.000 | Pt_A1cGoalLev <= 0.000) | BUN <= 0.000) | diagAgeCombo >= 0.000)
",0.000,0.000,0.000,1.000,0.000,0,0,1,0,0,1,1,0,0.0,0.0,1.0,0.0,0.0,1.0,1
"G[0,1]((HeightCm >= 0.000 & TotChol >= 45.000) | Pt_CGMUseNumDays <= 45.000)
",0.000,0.000,0.000,1.000,0.000,0,0,1,0,0,1,1,0,0.0,0.0,1.0,0.0,0.0,1.0,1
"F[1,2]((Pt_MotherT1D >= 0.000 | Pt_MotherT1D >= 0.000) -> bmiZscore <= 0.000)
",0.000,0.000,0.000,0.000,1.000,0,0,0,1,1,0,0,1,0.0,0.0,0.0,0.0,0.0,1.0,-1
"F[2,2]((HbA1cImputeDtMnC >= 0.000 | BUN >= 164.000) & Triglyc >= 164.000)
",0.000,0.000,0.000,0.000,1.000,0,0,0,1,1,0,0,1,0.0,0.0,0.0,0.0,0.0,1.0,-1
"F[1,2]((diabDur >= 34.000 & TotalDailyInsPerKg <= 33.000) -> diagAgeCombo >= 33.000)
",0.000,0.000,0.000,0.000,1.000,0,0,0,1,1,0,0,1,0.0,0.0,0.0,0.0,0.0,1.0,-1
"G[0,2](Pt_SiblingT1D >= 0.000 -> HbA1cImputeDtMnC <= 0.000)
",0.000,0.000,0.000,1.000,0.000,0,0,0,1,1,0,0,1,0.0,0.0,0.0,0.0,0.0,1.0,1
"F[0,1]((TotalDailyInsPerKg >= 33.000 | TotChol >= 45.000) | BldPrSys <= 45.000)
",0.000,0.000,0.000,0.000,1.000,0,0,0,1,1,0,0,1,0.0,0.0,0.0,0.0,0.0,1.0,-1
"F[1,2](((DirectLDL <= 0.000 | LDL >= 0.000) | age >= 0.000) & Triglyc <= 0.000)
",0.000,0.000,0.000,0.000,1.000,0,0,0,1,1,0,0,1,0.0,0.0,0.0,0.0,0.0,1.0,-1
"G[2,2]((bmi <= 0.000 -> AlbCreatRat_mggNew >= 11.000) | DirectLDL >= 11.000)
",0.000,0.000,0.000,1.000,0.000,0,0,1,0,0,1,1,0,0.0,0.0,1.0,0.0,0.0,1.0,1
"F[1,2](((Pt_GrandparentT1D <= 0.000 | UnitsInsBasalOrLongAct <= 6.000) & GFR <= 6.000) & Pt_GrandchildT1D <= 6.000)
",0.000,0.000,0.000,0.000,1.000,0,0,0,1,1,0,0,1,0.0,0.0,0.0,0.0,0.0,1.0,-1
"F[0,2](((Pt_InsGov >= 0.000 & BldPrSys >= 0.000) -> NumPumpBolusOrShortAct >= 0.000) & Pt_FatherT1D <= 0.000)
",0.000,0.000,0.000,0.000,1.000,0,0,0,1,1,0,0,1,0.0,0.0,0.0,0.0,0.0,1.0,-1
"F[0,1](((TSH <= 0.000 | DirectLDL >= 0.000) -> BldPrDia >= 0.000) & NumPumpBolusOrShortAct >= 0.000)
",0.000,0.000,0.000,0.000,1.000,0,0,0,1,1,0,0,1,0.0,0.0,0.0,0.0,0.0,1.0,-1
"G[1,2](bmiZscore >= 0.000 | age >= 0.000)
",0.000,0.000,0.000,1.000,0.000,0,0,1,0,0,1,1,0,0.0,0.0,1.0,0.0,0.0,1.0,1
"G[1,2]((BGTestAvgNumMeter >= 0.000 | HDL >= 215.000) -> AlbCreatRat_mggNew <= 215.000)
",0.000,0.000,0.000,1.000,0.000,0,0,1,0,0,1,1,0,0.0,0.0,1.0,0.0,0.0,1.0,1
"G[1,2]((BldPrSys >= 0.000 & Pt_CGMUseNumDays >= 4313.000) -> GFR >= 4313.000)
",0.000,0.000,0.000,1.000,0.000,0,0,1,0,0,1,1,0,0.0,0.0,1.0,0.0,0.0,1.0,1
"G[0,2]((Pt_A1cGoalLevelDsYr5 <= 0.000 | BldPrDia <= 120.000) & TSH >= 120.000)
",0.000,0.000,0.000,1.000,0.000,0,0,0,1,1,0,0,1,0.0,0.0,0.0,0.0,0.0,1.0,1
"G[0,1](((Pt_SiblingT1D <= 0.000 -> HbA1c <= 0.000) -> DirectLDL >= 0.000) -> SMBGperDayPtMeterCombo >= 0.000)
",0.000,0.000,0.000,1.000,0.000,0,0,1,0,0,1,1,0,0.0,0.0,1.0,0.0,0.0,1.0,1
"G[0,1]((UnitsInsBasalOrLongAct <= 6.000 | Pt_InsGov >= 0.000) | Pt_SHFlg >= 0.000)
",0.000,0.000,0.000,1.000,0.000,0,0,1,0,0,1,1,0,0.0,0.0,1.0,0.0,0.0,1.0,1
"G[1,1]((Pt_InsGov >= 0.000 | LDL <= 0.000) | SMBGperDayPtMeterCombo <= 0.000)
",0.000,0.000,0.000,1.000,0.000,0,0,1,0,0,1,1,0,0.0,0.0,1.0,0.0,0.0,1.0,1
"G[1,1](TSH <= 0.000 | WeightKg <= 0.000)
",0.000,0.000,0.000,1.000,0.000,0,0,1,0,0,1,1,0,0.0,0.0,1.0,0.0,0.0,1.0,1
"G[0,1](((TotChol >= 45.000 | Pt_GrandchildT1D >= 0.000) & HbA1c >= 0.000) & Pt_GrandparentT1D >= 0.000)
",0.000,0.000,0.000,1.000,0.000,0,0,1,0,0,1,1,0,0.0,0.0,1.0,0.0,0.0,1.0,1
"G[0,1](Pt_A1cGoalLev >= 0.000 -> Pt_ChildT1D <= 0.000)
",0.000,0.000,0.000,1.000,0.000,0,0,1,0,0,1,1,0,0.0,0.0,1.0,0.0,0.0,1.0,1
"G[0,1](((Pt_A1cGoalLevelDsYr5 >= 0.000 & Pt_FatherT1D <= 0.000) & BGTestAvgNumPtRep <= 0.000) & AlbCreatRat_mggNew <= 0.000)
",0.000,0.000,0.000,1.000,0.000,0,0,0,1,1,0,0,1,0.0,0.0,0.0,0.0,0.0,1.0,1
"G[0,2](DirectLDL >= 0.000 & HDL <= 215.000)
",0.000,0.000,0.000,1.000,0.000,0,0,1,0,0,1,1,0,0.0,0.0,1.0,0.0,0.0,1.0,1
"G[0,1]((Pt_FatherT1D >= 0.000 -> TotalDailyInsPerKg >= 33.000) -> Pt_A1cGoalLev >= 33.000)
",0.000,0.000,0.000,1.000,0.000,0,0,1,0,0,1,1,0,0.0,0.0,1.0,0.0,0.0,1.0,1
"G[2,2](Pt_MotherT1D <= 0.000 -> HeightCm <= 0.000)
",0.000,0.000,0.000,1.000,0.000,0,0,1,0,0,1,1,0,0.0,0.0,1.0,0.0,0.0,1.0,1
"G[1,2]((Pt_GrandchildT1D >= 0.000 | DirectLDL <= 0.000) -> NumPumpBolusOrShortAct >= 0.000)
",0.000,0.000,0.000,1.000,0.000,0,0,1,0,0,1,1,0,0.0,0.0,1.0,0.0,0.0,1.0,1
"G[2,2]((Pt_InsGov <= 0.000 & HbA1c <= 0.000) & Pt_SiblingT1D <= 0.000)
",0.000,0.000,0.000,1.000,0.000,0,0,1,0,0,1,1,0,0.0,0.0,1.0,0.0,0.0,1.0,1
"G[2,2](((Pt_GrandparentT1D >= 0.000 -> Pt_SiblingT1D <= 0.000) | Pt_DKAFlg <= 0.000) -> TotalDailyInsPerKg <= 0.000)
",0.000,0.000,0.000,1.000,0.000,0,0,1,0,0,1,1,0,0.0,0.0,1.0,0.0,0.0,1.0,1
"G[1,2](((TotalDailyInsPerKg <= 33.000 & bmiZscore >= 0.000) & DirectLDL <= 0.000) | UnitsInsBasalOrLongAct >= 0.000)
",0.000,0.000,0.000,1.000,0.000,0,0,1,0,0,1,1,0,0.0,0.0,1.0,0.0,0.0,1.0,1
"G[0,1](((HDL >= 215.000 | Pt_FatherT1D >= 0.000) | HDL <= 0.000) | bmi <= 0.000)
",0.000,0.000,0.000,1.000,0.000,0,0,1,0,0,1,1,0,0.0,0.0,1.0,0.0,0.0,1.0,1
"G[1,1](((diagAgeCombo <= 0.000 & age <= 0.000) | Pt_SiblingT1D <= 0.000) | TSH >= 0.000)
",0.000,0.000,0.000,1.000,0.000,0,0,1,0,0,1,1,0,0.0,0.0,1.0,0.0,0.0,1.0,1
"G[1,2]((BGTestAvgNumPtRep >= 0.000 -> WeightKg >= 0.000) & HeightCm >= 0.000)
",0.000,0.000,0.000,1.000,0.000,0,0,1,0,0,1,1,0,0.0,0.0,1.0,0.0,0.0,1.0,1
"G[2,2](HbA1c < 0.000 -> Pt_SHFlg = 0.398)
",0.000,0.000,0.000,1.000,0.000,0,0,1,0,0,1,1,0,0.0,0.0,1.0,0.0,0.0,1.0,1
"G[0,2]((Pt_FatherT1D <= 0.000 -> SMBGperDayPtMeterCombo <= 57.000) | Pt_A1cGoalLevelDsYr5 >= 57.000)
",0.000,0.000,0.000,1.000,0.000,0,0,1,0,0,1,1,0,0.0,0.0,1.0,0.0,0.0,1.0,1
"G[0,0](Pt_InsGov >= 0.000 -> Pt_SHFlg >= 0.398)
",0.000,0.000,0.000,1.000,0.000,0,0,0,1,1,0,0,1,0.0,0.0,0.0,0.0,0.0,1.0,1
"G[1,2](((Pt_FatherT1D >= 0.000 | TotChol >= 45.000) & bmiPerc <= 45.000) | Pt_GrandparentT1D <= 45.000)
",0.000,0.000,0.000,1.000,0.000,0,0,1,0,0,1,1,0,0.0,0.0,1.0,0.0,0.0,1.0,1
"G[1,1](bmiZscore <= 0.000 -> HbA1c >= 0.000)
",0.000,0.000,0.000,1.000,0.000,0,0,1,0,0,1,1,0,0.0,0.0,1.0,0.0,0.0,1.0,1
"G[0,1](Pt_A1cGoalLevelDsYr5 > 0.000 -> Pt_SHFlg = 0.398)
",0.000,0.000,0.000,1.000,0.000,0,0,1,0,0,1,1,0,0.0,0.0,1.0,0.0,0.0,1.0,1
"G[0,0](WeightKg > 0.000 & Pt_SHFlg = 0.398)
",0.000,0.000,0.000,1.000,0.000,0,0,0,1,1,0,0,1,0.0,0.0,0.0,0.0,0.0,1.0,1
"G[0,2](SMBGperDayPtMeterCombo >= 57.000 & BGTestAvgNumPtRep >= 0.000)
",0.000,0.000,0.000,1.000,0.000,0,0,0,1,1,0,0,1,0.0,0.0,0.0,0.0,0.0,1.0,1
"G[1,1]((Pt_CGMUseNumDays <= 4313.000 & Pt_SiblingT1D <= 0.000) & LDL <= 0.000)
",0.000,0.000,0.000,1.000,0.000,0,0,1,0,0,1,1,0,0.0,0.0,1.0,0.0,0.0,1.0,1
"G[0,1](SMBGperDayPtMeterCombo >= 57.000 & BGTestAvgNumPtRep >= 0.000)
",0.000,0.000,0.000,1.000,0.000,0,0,0,1,1,0,0,1,0.0,0.0,0.0,0.0,0.0,1.0,1
"G[0,1]((WeightKg >= 0.000 | bmi >= 0.000) -> UnitsInsBasalOrLongAct <= 6.000)
",0.000,0.000,0.000,1.000,0.000,0,0,1,0,0,1,1,0,0.0,0.0,1.0,0.0,0.0,1.0,1
"G[1,1](GFR <= 0.000 -> BUN >= 164.000)
",0.000,0.000,0.000,1.000,0.000,0,0,1,0,0,1,1,0,0.0,0.0,1.0,0.0,0.0,1.0,1
"G[0,1](SMBGperDayPtMeterCombo >= 57.000 & BGTestAvgNumPtRep >= 0.000)
",0.000,0.000,0.000,1.000,0.000,0,0,0,1,1,0,0,1,0.0,0.0,0.0,0.0,0.0,1.0,1
"G[1,2]((WeightKg >= 0.000 | bmi >= 0.000) -> UnitsInsBasalOrLongAct <= 6.000)
",0.000,0.000,0.000,1.000,0.000,0,0,1,0,0,1,1,0,0.0,0.0,1.0,0.0,0.0,1.0,1
"G[0,1](GFR <= 0.000 -> BUN >= 164.000)
",0.000,0.000,0.000,1.000,0.000,0,0,0,1,1,0,0,1,0.0,0.0,0.0,0.0,0.0,1.0,1
"G[1,2](HbA1cImputeDtMnC <= 0.000 -> bmiPerc <= 0.000)
",0.000,0.000,0.000,1.000,0.000,0,0,1,0,0,1,1,0,0.0,0.0,1.0,0.0,0.0,1.0,1
"G[1,2](((GFR <= 0.000 & diagAgeCombo <= 0.000) & Pt_InsGov <= 0.000) | Pt_A1cGoalLevelDsYr5 <= 0.000)
",0.000,0.000,0.000,1.000,0.000,0,0,1,0,0,1,1,0,0.0,0.0,1.0,0.0,0.0,1.0,1
"G[0,0](((UnitsInsBasalOrLongAct >= 6.000 -> HDL >= 215.000) & BGTestAvgNumPtRep <= 215.000) -> Pt_SiblingT1D >= 215.000)
",0.000,0.000,0.000,1.000,0.000,0,0,0,1,1,0,0,1,0.0,0.0,0.0,0.0,0.0,1.0,1
"G[2,2](((diabDur >= 34.000 & TSH >= 0.000) -> HDL >= 0.000) & bmiZscore <= 0.000)
",0.000,0.000,0.000,1.000,0.000,0,0,1,0,0,1,1,0,0.0,0.0,1.0,0.0,0.0,1.0,1
"G[1,2](Pt_SHFlg <= 0.398 -> Pt_SHFlg = 0.398)
",0.000,0.000,0.000,1.000,0.000,0,0,1,0,0,1,1,0,0.0,0.0,1.0,0.0,0.0,1.0,1
"G[1,1](Pt_DKAFlg <= 0.000 -> Pt_SHFlg = 0.398)
",0.000,0.000,0.000,1.000,0.000,0,0,1,0,0,1,1,0,0.0,0.0,1.0,0.0,0.0,1.0,1
"G[0,0](HeightCm > 0.000 & Pt_SHFlg = 0.398)
",0.000,0.000,0.000,1.000,0.000,0,0,0,1,1,0,0,1,0.0,0.0,0.0,0.0,0.0,1.0,1
"G[1,2](SMBGperDayPtMeterCombo < 57.000 -> Pt_SHFlg = 0.398)
",0.000,0.000,0.000,1.000,0.000,0,0,1,0,0,1,1,0,0.0,0.0,1.0,0.0,0.0,1.0,1
"G[0,1](bmiPerc <= 0.000 & UnitsInsBasalOrLongAct >= 6.000)
",0.000,0.000,0.000,1.000,0.000,0,0,0,1,1,0,0,1,0.0,0.0,0.0,0.0,0.0,1.0,1
"G[0,2]((BldPrSys >= 0.000 & Pt_SHFlg <= 0.398) -> bmi >= 0.398)
",0.000,0.000,0.000,1.000,0.000,0,0,0,1,1,0,0,1,0.0,0.0,0.0,0.0,0.0,1.0,1
"G[2,2](bmiZscore <= 0.000 & HbA1c >= 0.000)
",0.000,0.000,0.000,1.000,0.000,0,0,1,0,0,1,1,0,0.0,0.0,1.0,0.0,0.0,1.0,1
"G[1,2]((WeightKg <= 0.000 -> bmiPerc >= 0.000) | Triglyc <= 0.000)
",0.000,0.000,0.000,1.000,0.000,0,0,1,0,0,1,1,0,0.0,0.0,1.0,0.0,0.0,1.0,1
"G[0,0](((BldPrDia <= 120.000 | UnitsInsBasalOrLongAct <= 6.000) & HDL >= 6.000) -> Pt_GrandchildT1D >= 6.000)
",0.000,0.000,0.000,1.000,0.000,0,0,0,1,1,0,0,1,0.0,0.0,0.0,0.0,0.0,1.0,1
"G[1,1](AlbCreatRat_mggNew >= 11.000 & SMBGperDayPtMeterCombo <= 57.000)
",0.000,0.000,0.000,1.000,0.000,0,0,1,0,0,1,1,0,0.0,0.0,1.0,0.0,0.0,1.0,1
"G[0,2]((Pt_SHFlg >= 0.398 -> Triglyc <= 0.000) -> diabDur <= 0.000)
",0.000,0.000,0.000,1.000,0.000,0,0,0,1,1,0,0,1,0.0,0.0,0.0,0.0,0.0,1.0,1
"G[2,2](WeightKg <= 0.000 & HbA1c >= 0.000)
",0.000,0.000,0.000,1.000,0.000,0,0,1,0,0,1,1,0,0.0,0.0,1.0,0.0,0.0,1.0,1
"G[0,1](((BldPrSys >= 0.000 | Pt_SHFlg >= 0.398) -> Pt_GrandparentT1D >= 0.398) | Pt_FatherT1D >= 0.398)
",0.000,0.000,0.000,1.000,0.000,0,0,0,1,1,0,0,1,0.0,0.0,0.0,0.0,0.0,1.0,1
"G[1,2](Pt_GrandchildT1D >= 0.000 & HDL >= 215.000)
",0.000,0.000,0.000,1.000,0.000,0,0,1,0,0,1,1,0,0.0,0.0,1.0,0.0,0.0,1.0,1
"G[0,2]((WeightKg >= 0.000 | bmi >= 0.000) -> UnitsInsBasalOrLongAct <= 6.000)
",0.000,0.000,0.000,1.000,0.000,0,0,1,0,0,1,1,0,0.0,0.0,1.0,0.0,0.0,1.0,1
"G[2,2](diagAgeCombo >= 0.000 & Pt_SHFlg = 0.398)
",0.000,0.000,0.000,1.000,0.000,0,0,1,0,0,1,1,0,0.0,0.0,1.0,0.0,0.0,1.0,1
"G[1,2](GFR <= 0.000 -> BUN >= 164.000)
",0.000,0.000,0.000,1.000,0.000,0,0,1,0,0,1,1,0,0.0,0.0,1.0,0.0,0.0,1.0,1
"G[0,2]((LDL >= 0.000 & diabDur >= 34.000) -> HDL >= 34.000)
",0.000,0.000,0.000,1.000,0.000,0,0,1,0,0,1,1,0,0.0,0.0,1.0,0.0,0.0,1.0,1
"G[1,2](AlbCreatRat_mggNew >= 11.000 -> Pt_SHFlg = 0.398)
",0.000,0.000,0.000,1.000,0.000,0,0,1,0,0,1,1,0,0.0,0.0,1.0,0.0,0.0,1.0,1
"G[0,2](HeightCm < 0.000 -> Pt_SHFlg = 0.398)
",0.000,0.000,0.000,1.000,0.000,0,0,1,0,0,1,1,0,0.0,0.0,1.0,0.0,0.0,1.0,1
"G[0,2](Pt_InsGov >= 0.000 & Pt_SHFlg = 0.398)
",0.000,0.000,0.000,1.000,0.000,0,0,0,1,1,0,0,1,0.0,0.0,0.0,0.0,0.0,1.0,1
"G[0,2](DirectLDL <= 0.000 -> Pt_SHFlg = 0.398)
",0.000,0.000,0.000,1.000,0.000,0,0,0,1,1,0,0,1,0.0,0.0,0.0,0.0,0.0,1.0,1
"G[1,2](((TotalDailyInsPerKg <= 33.000 | Pt_GrandchildT1D <= 0.000) | Pt_A1cGoalLev >= 0.000) | HbA1cImputeDtMnC <= 0.000)
",0.000,0.000,0.000,1.000,0.000,0,0,1,0,0,1,1,0,0.0,0.0,1.0,0.0,0.0,1.0,1
"G[2,2](((Triglyc >= 0.000 & diagAgeCombo <= 0.000) -> BGTestAvgNumPtRep >= 0.000) | BldPrSys >= 0.000)
",0.000,0.000,0.000,1.000,0.000,0,0,1,0,0,1,1,0,0.0,0.0,1.0,0.0,0.0,1.0,1
"G[2,2](BldPrSys <= 0.000 | diagAgeCombo <= 0.000)
",0.000,0.000,0.000,1.000,0.000,0,0,1,0,0,1,1,0,0.0,0.0,1.0,0.0,0.0,1.0,1
"G[0,1](SMBGperDayPtMeterCombo >= 57.000 & BGTestAvgNumPtRep >= 0.000)
",0.000,0.000,0.000,1.000,0.000,0,0,0,1,1,0,0,1,0.0,0.0,0.0,0.0,0.0,1.0,1
"G[2,2](((Triglyc <= 0.000 | HDL >= 215.000) -> UnitsInsBasalOrLongAct <= 215.000) & HeightCm <= 215.000)
",0.000,0.000,0.000,1.000,0.000,0,0,1,0,0,1,1,0,0.0,0.0,1.0,0.0,0.0,1.0,1
"G[1,2](TotChol >= 45.000 -> BldPrSys >= 0.000)
",0.000,0.000,0.000,1.000,0.000,0,0,1,0,0,1,1,0,0.0,0.0,1.0,0.0,0.0,1.0,1
"G[1,2]((Pt_ChildT1D <= 0.000 -> SMBGperDayPtMeterCombo >= 57.000) | AlbCreatRat_mggNew >= 57.000)
",0.000,0.000,0.000,1.000,0.000,0,0,1,0,0,1,1,0,0.0,0.0,1.0,0.0,0.0,1.0,1
"G[1,1](LDL >= 0.000 | LDL <= 0.000)
",0.000,0.000,0.000,1.000,0.000,0,0,1,0,0,1,1,0,0.0,0.0,1.0,0.0,0.0,1.0,1
"G[0,2]((Pt_SiblingT1D <= 0.000 & Pt_A1cGoalLev <= 0.000) & BGTestAvgNumPtRep <= 0.000)
",0.000,0.000,0.000,1.000,0.000,0,0,1,0,0,1,1,0,0.0,0.0,1.0,0.0,0.0,1.0,1
"G[0,2]((Pt_GrandparentT1D >= 0.000 & age >= 0.000) -> bmiPerc <= 0.000)
",0.000,0.000,0.000,1.000,0.000,0,0,1,0,0,1,1,0,0.0,0.0,1.0,0.0,0.0,1.0,1
"G[0,1]((WeightKg >= 0.000 | bmi >= 0.000) -> UnitsInsBasalOrLongAct <= 6.000)
",0.000,0.000,0.000,1.000,0.000,0,0,1,0,0,1,1,0,0.0,0.0,1.0,0.0,0.0,1.0,1
"G[0,1](GFR <= 0.000 -> BUN >= 164.000)
",0.000,0.000,0.000,1.000,0.000,0,0,0,1,1,0,0,1,0.0,0.0,0.0,0.0,0.0,1.0,1
"G[2,2](SMBGperDayPtMeterCombo >= 57.000 & BGTestAvgNumPtRep >= 0.000)
",0.000,0.000,0.000,1.000,0.000,0,0,1,0,0,1,1,0,0.0,0.0,1.0,0.0,0.0,1.0,1
"G[1,2]((WeightKg >= 0.000 | bmi >= 0.000) -> UnitsInsBasalOrLongAct <= 6.000)
",0.000,0.000,0.000,1.000,0.000,0,0,1,0,0,1,1,0,0.0,0.0,1.0,0.0,0.0,1.0,1
"G[1,2](GFR <= 0.000 -> BUN >= 164.000)
",0.000,0.000,0.000,1.000,0.000,0,0,1,0,0,1,1,0,0.0,0.0,1.0,0.0,0.0,1.0,1
"G[0,2](SMBGperDayPtMeterCombo >= 57.000 & BGTestAvgNumPtRep >= 0.000)
",0.000,0.000,0.000,1.000,0.000,0,0,0,1,1,0,0,1,0.0,0.0,0.0,0.0,0.0,1.0,1
"G[1,2](GFR <= 0.000 -> BUN >= 164.000)
",0.000,0.000,0.000,1.000,0.000,0,0,1,0,0,1,1,0,0.0,0.0,1.0,0.0,0.0,1.0,1
"G[1,2](SMBGperDayPtMeterCombo >= 57.000 & BGTestAvgNumPtRep >= 0.000)
",0.000,0.000,0.000,1.000,0.000,0,0,1,0,0,1,1,0,0.0,0.0,1.0,0.0,0.0,1.0,1
"G[0,2]((WeightKg >= 0.000 | bmi >= 0.000) -> UnitsInsBasalOrLongAct <= 6.000)
",0.000,0.000,0.000,1.000,0.000,0,0,1,0,0,1,1,0,0.0,0.0,1.0,0.0,0.0,1.0,1
"G[0,2](GFR <= 0.000 -> BUN >= 164.000)
",0.000,0.000,0.000,1.000,0.000,0,0,0,1,1,0,0,1,0.0,0.0,0.0,0.0,0.0,1.0,1
"G[0,2](SMBGperDayPtMeterCombo >= 57.000 & BGTestAvgNumPtRep >= 0.000)
",0.000,0.000,0.000,1.000,0.000,0,0,0,1,1,0,0,1,0.0,0.0,0.0,0.0,0.0,1.0,1
"G[1,1]((WeightKg >= 0.000 | bmi >= 0.000) -> UnitsInsBasalOrLongAct <= 6.000)
",0.000,0.000,0.000,1.000,0.000,0,0,1,0,0,1,1,0,0.0,0.0,1.0,0.0,0.0,1.0,1
"G[1,1](GFR <= 0.000 -> BUN >= 164.000)
",0.000,0.000,0.000,1.000,0.000,0,0,1,0,0,1,1,0,0.0,0.0,1.0,0.0,0.0,1.0,1
"G[0,2]((WeightKg >= 0.000 | bmi >= 0.000) -> UnitsInsBasalOrLongAct <= 6.000)
",0.000,0.000,0.000,1.000,0.000,0,0,1,0,0,1,1,0,0.0,0.0,1.0,0.0,0.0,1.0,1
"G[0,0](SMBGperDayPtMeterCombo >= 57.000 & BGTestAvgNumPtRep >= 0.000)
",0.000,0.000,0.000,1.000,0.000,0,0,0,1,1,0,0,1,0.0,0.0,0.0,0.0,0.0,1.0,1
"G[0,2](GFR <= 0.000 -> BUN >= 164.000)
",0.000,0.000,0.000,1.000,0.000,0,0,0,1,1,0,0,1,0.0,0.0,0.0,0.0,0.0,1.0,1
"G[2,2]((WeightKg >= 0.000 | bmi >= 0.000) -> UnitsInsBasalOrLongAct <= 6.000)
",0.000,0.000,0.000,1.000,0.000,0,0,1,0,0,1,1,0,0.0,0.0,1.0,0.0,0.0,1.0,1
"F[0,1]((diagAgeCombo <= 0.000 & diagAgeCombo >= 0.000) & Pt_A1cGoalLev >= 0.000)
",0.000,0.000,0.000,0.000,1.000,0,0,0,1,1,0,0,1,0.0,0.0,0.0,0.0,0.0,1.0,-1
