Rule,Discrimination Score,Pos Robustness,Neg Robustness,Percent Class +,Percent Class -,TP,TN,FP,FN,Actual Yes,Actual No,Predicted Yes,Predicted No,TPR/Sens,TNR/Spec,FPR,Precision,Accuracy,MCR
"G[0,1](((SMBGperDayPtMeterCombo <= 3.378 -> Triglyc >= 107.216) -> Pt_CGMUseNumDays <= 279.558) | Pt_GrandparentT1D <= 166.316)
",9999999.000,9999999.000,0.000,1.000,0.000,2,0,0,0,2,0,2,0,1.0,0.0,0.0,1.0,1.0,0.0
"G[0,1](BldPrSys >= 118.028 | Triglyc <= 168.106)
",9999999.000,9999999.000,0.000,1.000,0.000,2,0,0,0,2,0,2,0,1.0,0.0,0.0,1.0,1.0,0.0
"G[0,1]((NumPumpBolusOrShortAct <= 0.000 | Pt_InsGov >= 0.487) -> Pt_A1cGoalLevelDsYr5 <= 0.633)
",9999999.000,9999999.000,0.000,1.000,0.000,2,0,0,0,2,0,2,0,1.0,0.0,0.0,1.0,1.0,0.0
"G[0,1]((BUN >= 1.437 | BGTestAvgNumMeter <= 5.942) | TotChol >= 0.220)
",9999999.000,9999999.000,0.000,1.000,0.000,2,0,0,0,2,0,2,0,1.0,0.0,0.0,1.0,1.0,0.0
"G[0,0](HDL >= 32.968 | Pt_SHFlg <= 0.000)
",165.064,82.532,0.000,1.000,0.000,2,0,0,0,2,0,2,0,1.0,0.0,0.0,1.0,1.0,0.0
"G[0,1](((Pt_MotherT1D <= 0.000 | Pt_A1cGoalLevelDsYr5 <= 0.000) & Pt_SHFlg <= 0.000) -> Pt_SHFlg >= 0.000)
",9999999.000,9999999.000,0.000,1.000,0.000,2,0,0,0,2,0,2,0,1.0,0.0,0.0,1.0,1.0,0.0
"G[0,1](HbA1cImputeDtMnC >= 12.984 | TotalDailyInsPerKg <= 1.315)
",9999999.000,9999999.000,0.000,1.000,0.000,2,0,0,0,2,0,2,0,1.0,0.0,0.0,1.0,1.0,0.0
"G[0,1]((AlbCreatRat_mggNew <= 7.713 | SMBGperDayPtMeterCombo >= 2.866) | bmi >= 2.075)
",9999999.000,9999999.000,0.000,1.000,0.000,2,0,0,0,2,0,2,0,1.0,0.0,0.0,1.0,1.0,0.0
"G[0,0]((HbA1c <= 9.428 -> HDL >= 26.425) & Pt_GrandchildT1D <= 42.021)
",-178.150,-89.075,0.000,1.000,0.000,2,0,0,0,2,0,2,0,1.0,0.0,0.0,1.0,1.0,0.0
"G[0,1](((TotChol <= 164.134 | WeightKg <= 54.519) & Pt_DKAFlg >= 53.848) | Pt_InsGov <= 54.684)
",9999999.000,9999999.000,0.000,1.000,0.000,2,0,0,0,2,0,2,0,1.0,0.0,0.0,1.0,1.0,0.0
"G[1,1]((AlbCreatRat_mggNew >= 3.875 & Pt_DKAFlg <= 0.467) | UnitsInsBasalOrLongAct <= 0.313)
",0.313,0.313,0.000,1.000,0.000,2,0,0,0,2,0,2,0,1.0,0.0,0.0,1.0,1.0,0.0
"G[0,1]((Pt_GrandparentT1D >= 0.000 & Pt_CGMUseNumDays >= 0.000) -> SMBGperDayPtMeterCombo >= 0.000)
",9999999.000,9999999.000,0.000,1.000,0.000,2,0,0,0,2,0,2,0,1.0,0.0,0.0,1.0,1.0,0.0
"G[1,1]((HeightCm <= 161.208 & TSH <= 1.133) | diagAgeCombo >= 0.793)
",1.133,1.133,0.000,1.000,0.000,2,0,0,0,2,0,2,0,1.0,0.0,0.0,1.0,1.0,0.0
"G[0,0](AlbCreatRat_mggNew >= 3.034 & BGTestAvgNumPtRep <= 2.225)
",-9.184,-3.404,0.000,1.000,0.000,2,0,0,0,2,0,2,0,1.0,0.0,0.0,1.0,1.0,0.0
"G[1,1]((bmi >= 20.860 -> Pt_InsGov >= 0.158) -> Pt_SHFlg <= 0.598)
",-0.598,-0.598,0.000,1.000,0.000,2,0,0,0,2,0,2,0,1.0,0.0,0.0,1.0,1.0,0.0
"G[1,1](((bmi <= 21.003 -> Triglyc <= 207.674) & HbA1c >= 67.553) | diabDur <= 166.923)
",166.923,166.923,0.000,1.000,0.000,2,0,0,0,2,0,2,0,1.0,0.0,0.0,1.0,1.0,0.0
"G[0,0]((BGTestAvgNumPtRep >= 1.746 -> SMBGperDayPtMeterCombo >= 1.390) | Pt_SiblingT1D >= 1.143)
",-1.143,-1.143,0.000,1.000,0.000,2,0,0,0,2,0,2,0,1.0,0.0,0.0,1.0,1.0,0.0
"G[0,1]((bmiPerc <= 0.641 -> WeightKg <= 54.194) | UnitsInsBasalOrLongAct <= 54.169)
",9999999.000,9999999.000,0.000,1.000,0.000,2,0,0,0,2,0,2,0,1.0,0.0,0.0,1.0,1.0,0.0
"G[0,1](bmiZscore <= 0.328 | HeightCm <= 161.022)
",9999999.000,9999999.000,0.000,1.000,0.000,2,0,0,0,2,0,2,0,1.0,0.0,0.0,1.0,1.0,0.0
"G[1,1](((bmiZscore >= 0.294 -> TSH >= 0.724) | Pt_MotherT1D <= 1.317) | Pt_SHFlg >= 0.512)
",1.317,1.317,0.000,1.000,0.000,2,0,0,0,2,0,2,0,1.0,0.0,0.0,1.0,1.0,0.0
"G[0,0](Pt_MotherT1D >= 0.000 & NumPumpBolusOrShortAct <= 0.000)
",-1.000,-0.500,0.000,1.000,0.000,2,0,0,0,2,0,2,0,1.0,0.0,0.0,1.0,1.0,0.0
"G[0,0]((Pt_MotherT1D >= 0.000 -> Pt_SHFlg <= 0.000) -> DirectLDL >= 0.000)
",-1111.345,-161.145,0.000,1.000,0.000,2,0,0,0,2,0,2,0,1.0,0.0,0.0,1.0,1.0,0.0
"G[0,1]((TotalDailyInsPerKg >= 0.242 & TotChol >= 12.182) -> age >= 123.577)
",9999999.000,9999999.000,0.000,1.000,0.000,2,0,0,0,2,0,2,0,1.0,0.0,0.0,1.0,1.0,0.0
"G[0,1](Pt_GrandparentT1D >= 0.000 | HbA1c <= 9.975)
",9999999.000,9999999.000,0.000,1.000,0.000,2,0,0,0,2,0,2,0,1.0,0.0,0.0,1.0,1.0,0.0
"G[0,1](((Pt_GrandparentT1D <= 0.000 | Pt_MotherT1D >= 0.000) | NumPumpBolusOrShortAct >= 0.000) | SMBGperDayPtMeterCombo >= 0.000)
",9999999.000,9999999.000,0.000,1.000,0.000,2,0,0,0,2,0,2,0,1.0,0.0,0.0,1.0,1.0,0.0
"G[0,1](TotChol >= 40.678 -> Pt_SHFlg >= 0.000)
",9999999.000,9999999.000,0.000,1.000,0.000,2,0,0,0,2,0,2,0,1.0,0.0,0.0,1.0,1.0,0.0
"G[0,1](((SMBGperDayPtMeterCombo <= 5.816 -> Pt_DKAFlg >= 0.182) & Pt_A1cGoalLevelDsYr5 <= 0.392) | bmiZscore >= 0.003)
",9999999.000,9999999.000,0.000,1.000,0.000,2,0,0,0,2,0,2,0,1.0,0.0,0.0,1.0,1.0,0.0
"G[0,1]((BldPrDia <= 71.523 & GFR >= 0.000) | Pt_SHFlg <= 0.000)
",9999999.000,9999999.000,0.000,1.000,0.000,2,0,0,0,2,0,2,0,1.0,0.0,0.0,1.0,1.0,0.0
"G[0,1](((Pt_GrandchildT1D >= 0.000 -> HbA1cImputeDtMnC >= 0.234) -> UnitsInsBasalOrLongAct <= 24.172) -> bmi <= 25.850)
",9999999.000,9999999.000,0.000,1.000,0.000,2,0,0,0,2,0,2,0,1.0,0.0,0.0,1.0,1.0,0.0
"G[0,0](((Triglyc <= 250.345 & Pt_A1cGoalLevelDsYr5 >= 0.000) & HDL <= 0.000) | BldPrDia >= 0.000)
",77.000,115.500,0.000,1.000,0.000,2,0,0,0,2,0,2,0,1.0,0.0,0.0,1.0,1.0,0.0
"G[0,1]((Pt_DKAFlg <= 0.959 | BGTestAvgNumPtRep >= 0.780) -> Pt_A1cGoalLev <= 5.817)
",9999999.000,9999999.000,0.000,1.000,0.000,2,0,0,0,2,0,2,0,1.0,0.0,0.0,1.0,1.0,0.0
"G[1,1](((SMBGperDayPtMeterCombo <= 5.714 | Pt_MotherT1D >= 0.000) -> NumPumpBolusOrShortAct <= 0.000) | Pt_SiblingT1D <= 0.000)
",0.000,0.000,0.000,1.000,0.000,2,0,0,0,2,0,2,0,1.0,0.0,0.0,1.0,1.0,0.0
"G[0,0]((LDL <= 86.085 | BldPrDia >= 62.237) -> Pt_GrandchildT1D <= 71.585)
",-89.389,-85.133,0.000,1.000,0.000,2,0,0,0,2,0,2,0,1.0,0.0,0.0,1.0,1.0,0.0
"G[0,1](((bmi <= 21.064 & GFR <= 0.000) & Pt_ChildT1D <= 0.000) -> GFR <= 0.000)
",9999999.000,9999999.000,0.000,1.000,0.000,2,0,0,0,2,0,2,0,1.0,0.0,0.0,1.0,1.0,0.0
"G[1,1](((HDL >= 15.625 & Pt_MotherT1D >= 0.000) | Pt_A1cGoalLevelDsYr5 >= 0.000) | BldPrDia <= 0.000)
",0.000,0.000,0.000,1.000,0.000,2,0,0,0,2,0,2,0,1.0,0.0,0.0,1.0,1.0,0.0
"G[0,1](((HDL <= 39.062 | NumPumpBolusOrShortAct <= 0.000) & AutonomicNeuroCl >= 0.000) & SMBGperDayPtMeterCombo >= 0.000)
",9999999.000,9999999.000,0.000,1.000,0.000,2,0,0,0,2,0,2,0,1.0,0.0,0.0,1.0,1.0,0.0
"G[0,1](((Pt_InsGov <= 0.817 -> SMBGperDayPtMeterCombo >= 1.112) -> bmiPerc <= 3.473) | Pt_GrandparentT1D >= 1.737)
",9999999.000,9999999.000,0.000,1.000,0.000,2,0,0,0,2,0,2,0,1.0,0.0,0.0,1.0,1.0,0.0
"G[0,1](((SMBGperDayPtMeterCombo >= 0.938 | Pt_ChildT1D >= 0.000) -> Pt_GrandparentT1D >= 0.000) & Triglyc >= 0.000)
",9999999.000,9999999.000,0.000,1.000,0.000,2,0,0,0,2,0,2,0,1.0,0.0,0.0,1.0,1.0,0.0
"G[0,1](((DirectLDL >= 0.000 & Pt_FatherT1D >= 0.000) & HbA1c >= 0.000) & Pt_SHFlg <= 0.000)
",9999999.000,9999999.000,0.000,1.000,0.000,2,0,0,0,2,0,2,0,1.0,0.0,0.0,1.0,1.0,0.0
"G[1,1](((SMBGperDayPtMeterCombo <= 4.046 | HbA1c >= 9.267) -> TSH <= 9.563) -> BGTestAvgNumMeter <= 10.138)
",-10.138,-10.138,0.000,1.000,0.000,2,0,0,0,2,0,2,0,1.0,0.0,0.0,1.0,1.0,0.0
"G[1,1]((Pt_CGMUseNumDays >= 0.000 & HeightCm >= 160.687) & NumPumpBolusOrShortAct <= 160.898)
",-160.687,-160.687,0.000,1.000,0.000,2,0,0,0,2,0,2,0,1.0,0.0,0.0,1.0,1.0,0.0
"G[0,0]((Pt_MotherT1D >= 0.000 -> HbA1c <= 10.211) | BGTestAvgNumPtRep <= 9.926)
",2.309,6.926,0.000,1.000,0.000,2,0,0,0,2,0,2,0,1.0,0.0,0.0,1.0,1.0,0.0
"G[1,1]((age >= 15.201 & HDL >= 32.866) | Pt_FatherT1D <= 45.678)
",45.678,45.678,0.000,1.000,0.000,2,0,0,0,2,0,2,0,1.0,0.0,0.0,1.0,1.0,0.0
"G[0,0](((LDL >= 46.952 & Pt_GrandparentT1D >= 0.000) & BGTestAvgNumPtRep >= 0.000) -> Triglyc >= 0.000)
",-1.000,-96.000,0.000,1.000,0.000,2,0,0,0,2,0,2,0,1.0,0.0,0.0,1.0,1.0,0.0
"G[1,1]((bmiPerc >= 0.554 | bmiZscore <= 0.443) | TotalDailyInsPerKg >= 0.182)
",0.443,0.443,0.000,1.000,0.000,2,0,0,0,2,0,2,0,1.0,0.0,0.0,1.0,1.0,0.0
"G[1,1]((WeightKg >= 53.144 | bmi >= 20.700) -> UnitsInsBasalOrLongAct <= 39.983)
",-39.983,-39.983,0.000,1.000,0.000,2,0,0,0,2,0,2,0,1.0,0.0,0.0,1.0,1.0,0.0
"G[1,1]((WeightKg >= 52.727 | bmi >= 20.881) -> UnitsInsBasalOrLongAct <= 31.421)
",-31.421,-31.421,0.000,1.000,0.000,2,0,0,0,2,0,2,0,1.0,0.0,0.0,1.0,1.0,0.0
"G[1,1](BGTestAvgNumPtRep >= 0.052 | BUN <= 4.644)
",4.644,4.644,0.000,1.000,0.000,2,0,0,0,2,0,2,0,1.0,0.0,0.0,1.0,1.0,0.0
"G[0,0](Pt_MotherT1D <= 0.000 & SMBGperDayPtMeterCombo <= 3.453)
",-40.031,-60.047,0.000,1.000,0.000,1,0,0,1,2,0,1,1,0.5,0.0,0.0,1.0,0.5,0.5
"G[0,1]((HbA1cImputeDtMnC >= 6.426 -> TSH <= 0.910) | HbA1c <= 1.209)
",9999999.000,9999999.000,0.000,1.000,0.000,1,0,0,1,2,0,1,1,0.5,0.0,0.0,1.0,0.5,0.5
"G[0,0]((WeightKg >= 53.354 | bmi >= 20.918) -> UnitsInsBasalOrLongAct <= 12.095)
",-12.095,-12.095,0.000,1.000,0.000,1,0,0,1,2,0,1,1,0.5,0.0,0.0,1.0,0.5,0.5
"G[1,1]((HbA1c >= 9.060 -> UnitsInsBasalOrLongAct >= 9.604) -> WeightKg <= 42.560)
",-42.560,-42.560,0.000,1.000,0.000,1,0,0,1,2,0,1,1,0.5,0.0,0.0,1.0,0.5,0.5
"G[0,1](BldPrDia <= 67.085 | HeightCm >= 160.469)
",9999999.000,9999999.000,0.000,1.000,0.000,1,0,0,1,2,0,1,1,0.5,0.0,0.0,1.0,0.5,0.5
"G[0,0]((UnitsInsBasalOrLongAct >= 9.770 & WeightKg >= 52.703) & Pt_DKAFlg <= 54.530)
",-16.568,-49.703,0.000,1.000,0.000,1,0,0,1,2,0,1,1,0.5,0.0,0.0,1.0,0.5,0.5
"G[0,1](Pt_ChildT1D >= 0.000 & BGTestAvgNumMeter <= 4.195)
",9999999.000,9999999.000,0.000,1.000,0.000,1,0,0,1,2,0,1,1,0.5,0.0,0.0,1.0,0.5,0.5
"G[1,1]((Pt_A1cGoalLevelDsYr5 <= 0.000 -> HbA1cImputeDtMnC <= 39.630) -> BGTestAvgNumMeter >= 13.530)
",13.530,13.530,0.000,1.000,0.000,1,0,0,1,2,0,1,1,0.5,0.0,0.0,1.0,0.5,0.5
"G[0,1](((HbA1c >= 8.366 -> AlbCreatRat_mggNew <= 8.110) | DirectLDL <= 5.121) & HbA1cImputeDtMnC >= 2.783)
",9999999.000,9999999.000,0.000,1.000,0.000,1,0,0,1,2,0,1,1,0.5,0.0,0.0,1.0,0.5,0.5
"G[0,1](TotalDailyInsPerKg >= 0.412 -> TSH >= 0.740)
",9999999.000,9999999.000,0.000,1.000,0.000,1,0,0,1,2,0,1,1,0.5,0.0,0.0,1.0,0.5,0.5
"G[0,1](((Pt_SHFlg <= 0.000 -> NumPumpBolusOrShortAct >= 0.000) & Pt_MotherT1D <= 0.000) -> TSH <= 0.000)
",9999999.000,9999999.000,0.000,1.000,0.000,1,0,0,1,2,0,1,1,0.5,0.0,0.0,1.0,0.5,0.5
"G[0,1]((LDL <= 86.231 | TSH >= 0.137) | LDL <= 1.437)
",9999999.000,9999999.000,0.000,1.000,0.000,1,0,0,1,2,0,1,1,0.5,0.0,0.0,1.0,0.5,0.5
"G[1,1](((HbA1c <= 10.161 -> Pt_DKAFlg <= 0.357) & bmi >= 0.113) -> Pt_InsGov >= 0.073)
",0.073,0.073,0.000,1.000,0.000,1,0,0,1,2,0,1,1,0.5,0.0,0.0,1.0,0.5,0.5
"G[0,1](((AlbCreatRat_mggNew >= 3.349 | bmiPerc <= 0.614) & age >= 0.546) & Pt_CGMUseNumDays <= 0.620)
",9999999.000,9999999.000,0.000,1.000,0.000,1,0,0,1,2,0,1,1,0.5,0.0,0.0,1.0,0.5,0.5
"G[0,1]((BUN >= 0.151 | LDL <= 86.997) -> GFR >= 70.554)
",9999999.000,9999999.000,0.000,1.000,0.000,1,0,0,1,2,0,1,1,0.5,0.0,0.0,1.0,0.5,0.5
"G[0,1]((WeightKg >= 52.931 | bmi >= 20.731) -> UnitsInsBasalOrLongAct <= 32.011)
",9999999.000,9999999.000,0.000,1.000,0.000,1,0,0,1,2,0,1,1,0.5,0.0,0.0,1.0,0.5,0.5
"G[0,1](HbA1c <= 9.960 & diagAgeCombo >= 6.000)
",9999999.000,9999999.000,0.000,1.000,0.000,1,0,0,1,2,0,1,1,0.5,0.0,0.0,1.0,0.5,0.5
"G[0,1](((bmi <= 20.989 -> HbA1c <= 9.482) & bmiZscore <= 10.161) & BldPrSys >= 8.201)
",9999999.000,9999999.000,0.000,1.000,0.000,1,0,0,1,2,0,1,1,0.5,0.0,0.0,1.0,0.5,0.5
"G[0,1](SMBGperDayPtMeterCombo <= 5.640 & TotalDailyInsPerKg <= 1.724)
",9999999.000,9999999.000,0.000,1.000,0.000,1,0,0,1,2,0,1,1,0.5,0.0,0.0,1.0,0.5,0.5
"G[0,0](((Pt_GrandchildT1D >= 0.000 -> UnitsInsBasalOrLongAct <= 32.948) -> WeightKg <= 43.722) & Pt_FatherT1D <= 37.975)
",-13.574,-40.722,0.000,1.000,0.000,1,0,0,1,2,0,1,1,0.5,0.0,0.0,1.0,0.5,0.5
"G[1,1]((age >= 14.847 & bmiZscore >= 0.290) | BGTestAvgNumMeter >= 0.130)
",-0.130,-0.130,0.000,1.000,0.000,1,0,0,1,2,0,1,1,0.5,0.0,0.0,1.0,0.5,0.5
"G[0,1]((BUN <= 3.828 | AutonomicNeuroCl >= 0.000) -> Pt_InsGov <= 0.000)
",9999999.000,9999999.000,0.000,1.000,0.000,1,0,0,1,2,0,1,1,0.5,0.0,0.0,1.0,0.5,0.5
"G[0,0](HbA1cImputeDtMnC <= 25.395 | Pt_DKAFlg >= 0.026)
",25.395,25.395,0.000,1.000,0.000,1,0,0,1,2,0,1,1,0.5,0.0,0.0,1.0,0.5,0.5
"G[0,0](((bmiZscore <= 0.420 & diabDur <= 9.597) -> Pt_ChildT1D >= 7.585) & bmiZscore <= 9.239)
",6.403,6.403,0.000,1.000,0.000,1,0,0,1,2,0,1,1,0.5,0.0,0.0,1.0,0.5,0.5
"G[0,1]((GFR >= 0.000 -> HbA1cImputeDtMnC >= 20.445) -> Pt_GrandchildT1D >= 6.748)
",9999999.000,9999999.000,0.000,1.000,0.000,1,0,0,1,2,0,1,1,0.5,0.0,0.0,1.0,0.5,0.5
"G[1,1]((TotalDailyInsPerKg <= 0.726 -> HDL <= 36.002) -> Pt_SHFlg >= 5.234)
",5.234,5.234,0.000,1.000,0.000,1,0,0,1,2,0,1,1,0.5,0.0,0.0,1.0,0.5,0.5
"G[0,1]((DirectLDL >= 0.000 & BGTestAvgNumMeter >= 2.949) & age >= 2.094)
",9999999.000,9999999.000,0.000,1.000,0.000,1,0,0,1,2,0,1,1,0.5,0.0,0.0,1.0,0.5,0.5
"G[0,1](SMBGperDayPtMeterCombo >= 1.482 & BGTestAvgNumPtRep >= 0.686)
",9999999.000,9999999.000,0.000,1.000,0.000,1,0,0,1,2,0,1,1,0.5,0.0,0.0,1.0,0.5,0.5
"G[0,0]((Pt_InsGov <= 0.566 -> BldPrDia >= 63.287) | diagAgeCombo >= 62.770)
",-34.809,-52.213,0.000,1.000,0.000,1,0,0,1,2,0,1,1,0.5,0.0,0.0,1.0,0.5,0.5
"G[1,1](Pt_MotherT1D >= 0.000 & Triglyc >= 145.142)
",-145.142,-145.142,0.000,1.000,0.000,1,0,0,1,2,0,1,1,0.5,0.0,0.0,1.0,0.5,0.5
"G[0,1]((WeightKg >= 52.755 | bmi >= 20.727) -> UnitsInsBasalOrLongAct <= 15.101)
",9999999.000,9999999.000,0.000,1.000,0.000,1,0,0,1,2,0,1,1,0.5,0.0,0.0,1.0,0.5,0.5
"G[2,2](((diagAgeCombo >= 6.000 | Pt_A1cGoalLevelDsYr5 <= 0.000) & age <= 0.000) & Pt_ChildT1D <= 0.000)
",0.000,0.000,0.000,1.000,0.000,0,0,2,0,0,2,2,0,0.0,0.0,1.0,0.0,0.0,1.0
"G[2,2](Triglyc <= 289.252 -> SMBGperDayPtMeterCombo <= 4.943)
",-289.252,-289.252,0.000,1.000,0.000,0,0,2,0,0,2,2,0,0.0,0.0,1.0,0.0,0.0,1.0
"G[1,2]((Pt_GrandchildT1D <= 0.000 -> bmiPerc <= 0.621) & LDL >= 0.600)
",9999999.000,9999999.000,0.000,1.000,0.000,0,0,1,1,1,1,1,1,0.0,0.0,1.0,0.0,0.0,1.0
"G[0,2]((WeightKg >= 53.465 | bmi >= 20.707) -> UnitsInsBasalOrLongAct <= 39.062)
",9999999.000,9999999.000,0.000,1.000,0.000,0,0,1,1,1,1,1,1,0.0,0.0,1.0,0.0,0.0,1.0
"G[0,2](((SMBGperDayPtMeterCombo >= 0.297 | Pt_SiblingT1D <= 0.000) & AutonomicNeuroCl >= 0.000) & Pt_DKAFlg >= 0.000)
",9999999.000,9999999.000,0.000,1.000,0.000,0,0,2,0,0,2,2,0,0.0,0.0,1.0,0.0,0.0,1.0
"G[1,2]((Pt_A1cGoalLev >= 0.000 -> Pt_CGMUseNumDays <= 0.000) | SMBGperDayPtMeterCombo >= 0.000)
",9999999.000,9999999.000,0.000,1.000,0.000,0,0,2,0,0,2,2,0,0.0,0.0,1.0,0.0,0.0,1.0
"G[2,2](Pt_GrandchildT1D >= 0.000 -> SMBGperDayPtMeterCombo >= 0.913)
",0.000,0.000,0.000,1.000,0.000,0,0,2,0,0,2,2,0,0.0,0.0,1.0,0.0,0.0,1.0
"G[1,2](TotChol <= 188.892 -> Pt_DKAFlg >= 0.118)
",9999999.000,9999999.000,0.000,1.000,0.000,0,0,1,1,1,1,1,1,0.0,0.0,1.0,0.0,0.0,1.0
"G[1,2](((NumPumpBolusOrShortAct >= 0.000 | bmiPerc >= 0.613) | Pt_A1cGoalLev <= 0.688) & Pt_GrandchildT1D <= 0.708)
",9999999.000,9999999.000,0.000,1.000,0.000,0,0,2,0,0,2,2,0,0.0,0.0,1.0,0.0,0.0,1.0
"G[1,2](((Pt_ChildT1D >= 0.000 -> BldPrSys >= 114.345) -> age >= 115.096) & bmi >= 117.225)
",9999999.000,9999999.000,0.000,1.000,0.000,0,0,0,2,2,0,0,2,0.0,0.0,0.0,0.0,0.0,1.0
"G[2,2](((HbA1cImputeDtMnC >= 7.189 & BGTestAvgNumMeter >= 2.406) | BGTestAvgNumPtRep <= 5.543) -> BGTestAvgNumPtRep <= 5.385)
",-5.543,-5.543,0.000,1.000,0.000,0,0,2,0,0,2,2,0,0.0,0.0,1.0,0.0,0.0,1.0
"G[0,2](NumPumpBolusOrShortAct >= 0.000 -> Pt_CGMUseNumDays >= 0.000)
",9999999.000,9999999.000,0.000,1.000,0.000,0,0,2,0,0,2,2,0,0.0,0.0,1.0,0.0,0.0,1.0
"G[0,2](bmi <= 20.987 -> Pt_ChildT1D <= 0.000)
",9999999.000,9999999.000,0.000,1.000,0.000,0,0,2,0,0,2,2,0,0.0,0.0,1.0,0.0,0.0,1.0
"G[2,2](GFR <= 0.000 -> BUN >= 2.524)
",0.000,0.000,0.000,1.000,0.000,0,0,2,0,0,2,2,0,0.0,0.0,1.0,0.0,0.0,1.0
"G[0,0](SMBGperDayPtMeterCombo >= 2.447 & BGTestAvgNumPtRep >= 1.045)
",0.652,1.955,0.000,1.000,0.000,0,0,0,2,2,0,0,2,0.0,0.0,0.0,0.0,0.0,1.0
"G[2,2](GFR <= 0.000 -> BUN >= 1.691)
",0.000,0.000,0.000,1.000,0.000,0,0,2,0,0,2,2,0,0.0,0.0,1.0,0.0,0.0,1.0
"G[0,2](Pt_ChildT1D <= 0.000 & BGTestAvgNumMeter >= 2.697)
",9999999.000,9999999.000,0.000,1.000,0.000,0,0,1,1,1,1,1,1,0.0,0.0,1.0,0.0,0.0,1.0
"G[1,2](Pt_GrandparentT1D >= 0.000 | NumPumpBolusOrShortAct <= 0.000)
",9999999.000,9999999.000,0.000,1.000,0.000,0,0,2,0,0,2,2,0,0.0,0.0,1.0,0.0,0.0,1.0
"G[1,2]((Triglyc <= 210.986 -> LDL <= 98.034) & HDL <= 105.505)
",9999999.000,9999999.000,0.000,1.000,0.000,0,0,0,2,2,0,0,2,0.0,0.0,0.0,0.0,0.0,1.0
"G[1,2](GFR >= 0.000 -> GFR >= 0.000)
",9999999.000,9999999.000,0.000,1.000,0.000,0,0,2,0,0,2,2,0,0.0,0.0,1.0,0.0,0.0,1.0
"G[0,2]((BldPrSys >= 117.706 & Pt_ChildT1D >= 0.000) & diagAgeCombo >= 0.000)
",9999999.000,9999999.000,0.000,1.000,0.000,0,0,0,2,2,0,0,2,0.0,0.0,0.0,0.0,0.0,1.0
"G[2,2](((bmiZscore >= 0.263 -> SMBGperDayPtMeterCombo >= 1.278) & Pt_A1cGoalLev >= 2.073) -> Pt_A1cGoalLev >= 1.277)
",1.277,1.277,0.000,1.000,0.000,0,0,2,0,0,2,2,0,0.0,0.0,1.0,0.0,0.0,1.0
"G[0,2](((Pt_CGMUseNumDays >= 0.000 | Pt_GrandparentT1D >= 0.000) & Pt_SiblingT1D <= 0.000) | UnitsInsBasalOrLongAct >= 0.000)
",9999999.000,9999999.000,0.000,1.000,0.000,0,0,2,0,0,2,2,0,0.0,0.0,1.0,0.0,0.0,1.0
"G[1,2](SMBGperDayPtMeterCombo >= 1.485 & BGTestAvgNumPtRep >= 0.380)
",9999999.000,9999999.000,0.000,1.000,0.000,0,0,1,1,1,1,1,1,0.0,0.0,1.0,0.0,0.0,1.0
"G[0,2](GFR <= 0.000 -> BUN >= 0.616)
",9999999.000,9999999.000,0.000,1.000,0.000,0,0,0,2,2,0,0,2,0.0,0.0,0.0,0.0,0.0,1.0
"G[0,2]((AlbCreatRat_mggNew >= 2.329 | Pt_CGMUseNumDays <= 0.000) & diabDur >= 0.000)
",9999999.000,9999999.000,0.000,1.000,0.000,0,0,2,0,0,2,2,0,0.0,0.0,1.0,0.0,0.0,1.0
"G[0,2](((Pt_InsGov <= 0.518 | TSH <= 0.853) & BGTestAvgNumMeter <= 0.923) -> TotalDailyInsPerKg >= 0.279)
",9999999.000,9999999.000,0.000,1.000,0.000,0,0,1,1,1,1,1,1,0.0,0.0,1.0,0.0,0.0,1.0
"G[1,2]((WeightKg >= 53.244 | bmi >= 20.919) -> UnitsInsBasalOrLongAct <= 33.535)
",9999999.000,9999999.000,0.000,1.000,0.000,0,0,2,0,0,2,2,0,0.0,0.0,1.0,0.0,0.0,1.0
"G[1,2](((BldPrDia >= 65.088 | WeightKg >= 53.243) -> age >= 53.496) | BGTestAvgNumPtRep >= 53.613)
",9999999.000,9999999.000,0.000,1.000,0.000,0,0,0,2,2,0,0,2,0.0,0.0,0.0,0.0,0.0,1.0
"G[1,1](((Pt_SHFlg <= 0.000 | HeightCm >= 160.283) | SMBGperDayPtMeterCombo <= 161.133) -> WeightKg >= 160.680)
",-161.133,-161.133,0.000,1.000,0.000,0,0,0,2,2,0,0,2,0.0,0.0,0.0,0.0,0.0,1.0
"G[0,2](SMBGperDayPtMeterCombo >= 1.291 & BGTestAvgNumPtRep >= 1.386)
",9999999.000,9999999.000,0.000,1.000,0.000,0,0,0,2,2,0,0,2,0.0,0.0,0.0,0.0,0.0,1.0
"G[0,2](((Pt_SiblingT1D <= 0.000 & WeightKg <= 54.157) | TotChol >= 53.621) -> bmi <= 54.098)
",9999999.000,9999999.000,0.000,1.000,0.000,0,0,2,0,0,2,2,0,0.0,0.0,1.0,0.0,0.0,1.0
"G[0,2](((BGTestAvgNumMeter <= 5.491 & HbA1c >= 8.206) | BGTestAvgNumMeter <= 10.299) -> Pt_InsGov >= 9.136)
",9999999.000,9999999.000,0.000,1.000,0.000,0,0,0,2,2,0,0,2,0.0,0.0,0.0,0.0,0.0,1.0
"G[0,1](((DirectLDL <= 0.000 -> age >= 13.975) | LDL <= 15.377) -> Pt_A1cGoalLevelDsYr5 >= 14.012)
",9999999.000,9999999.000,0.000,1.000,0.000,0,0,0,2,2,0,0,2,0.0,0.0,0.0,0.0,0.0,1.0
"G[1,2](((diagAgeCombo <= 6.000 & BUN >= 2.629) -> Pt_FatherT1D >= 0.215) -> Pt_SHFlg <= 8.726)
",9999999.000,9999999.000,0.000,1.000,0.000,0,0,2,0,0,2,2,0,0.0,0.0,1.0,0.0,0.0,1.0
"G[1,2]((HDL >= 19.175 & Pt_SiblingT1D >= 0.000) & Pt_FatherT1D >= 0.000)
",9999999.000,9999999.000,0.000,1.000,0.000,0,0,2,0,0,2,2,0,0.0,0.0,1.0,0.0,0.0,1.0
"G[1,2]((Pt_CGMUseNumDays >= 0.000 -> Pt_ChildT1D <= 0.000) | AlbCreatRat_mggNew <= 0.000)
",9999999.000,9999999.000,0.000,1.000,0.000,0,0,2,0,0,2,2,0,0.0,0.0,1.0,0.0,0.0,1.0
"G[1,2]((AlbCreatRat_mggNew <= 8.719 | Pt_MotherT1D <= 0.000) & BldPrSys >= 0.000)
",9999999.000,9999999.000,0.000,1.000,0.000,0,0,2,0,0,2,2,0,0.0,0.0,1.0,0.0,0.0,1.0
"G[2,2](AutonomicNeuroCl >= 0.000 & bmi <= 21.058)
",0.000,0.000,0.000,1.000,0.000,0,0,2,0,0,2,2,0,0.0,0.0,1.0,0.0,0.0,1.0
"G[0,1](GFR <= 0.000 -> BUN >= 0.726)
",9999999.000,9999999.000,0.000,1.000,0.000,0,0,0,2,2,0,0,2,0.0,0.0,0.0,0.0,0.0,1.0
"G[0,1](((TotalDailyInsPerKg >= 0.456 & AutonomicNeuroCl <= 0.000) | age >= 0.000) -> BldPrSys <= 0.000)
",9999999.000,9999999.000,0.000,1.000,0.000,0,0,0,2,2,0,0,2,0.0,0.0,0.0,0.0,0.0,1.0
"G[1,2]((bmiPerc <= 0.615 & SMBGperDayPtMeterCombo <= 4.090) -> GFR <= 4.758)
",9999999.000,9999999.000,0.000,1.000,0.000,0,0,2,0,0,2,2,0,0.0,0.0,1.0,0.0,0.0,1.0
"G[0,2](SMBGperDayPtMeterCombo >= 0.272 & BGTestAvgNumPtRep >= 0.704)
",9999999.000,9999999.000,0.000,1.000,0.000,0,0,1,1,1,1,1,1,0.0,0.0,1.0,0.0,0.0,1.0
"G[1,2](bmiZscore <= 0.358 | Triglyc >= 112.094)
",9999999.000,9999999.000,0.000,1.000,0.000,0,0,2,0,0,2,2,0,0.0,0.0,1.0,0.0,0.0,1.0
"G[0,2](GFR <= 0.000 -> BUN >= 0.334)
",9999999.000,9999999.000,0.000,1.000,0.000,0,0,0,2,2,0,0,2,0.0,0.0,0.0,0.0,0.0,1.0
"G[2,2]((HDL <= 39.842 -> GFR <= 0.000) & BUN <= 0.000)
",-39.842,-39.842,0.000,1.000,0.000,0,0,2,0,0,2,2,0,0.0,0.0,1.0,0.0,0.0,1.0
"G[1,2](SMBGperDayPtMeterCombo >= 1.264 & BGTestAvgNumPtRep >= 1.302)
",9999999.000,9999999.000,0.000,1.000,0.000,0,0,1,1,1,1,1,1,0.0,0.0,1.0,0.0,0.0,1.0
"G[0,2]((Pt_GrandchildT1D >= 0.000 & AlbCreatRat_mggNew <= 8.708) -> Triglyc <= 8.075)
",9999999.000,9999999.000,0.000,1.000,0.000,0,0,0,2,2,0,0,2,0.0,0.0,0.0,0.0,0.0,1.0
"G[1,2](BGTestAvgNumPtRep >= 0.123 | Pt_CGMUseNumDays <= 0.000)
",9999999.000,9999999.000,0.000,1.000,0.000,0,0,2,0,0,2,2,0,0.0,0.0,1.0,0.0,0.0,1.0
"G[1,2](GFR <= 0.000 -> BUN >= 2.720)
",9999999.000,9999999.000,0.000,1.000,0.000,0,0,1,1,1,1,1,1,0.0,0.0,1.0,0.0,0.0,1.0
"G[0,2](WeightKg >= 53.358 | TotChol <= 185.552)
",9999999.000,9999999.000,0.000,1.000,0.000,0,0,2,0,0,2,2,0,0.0,0.0,1.0,0.0,0.0,1.0
"G[1,2](SMBGperDayPtMeterCombo >= 1.929 & BGTestAvgNumPtRep >= 1.148)
",9999999.000,9999999.000,0.000,1.000,0.000,0,0,1,1,1,1,1,1,0.0,0.0,1.0,0.0,0.0,1.0
"G[0,2](((diagAgeCombo >= 6.000 & SMBGperDayPtMeterCombo >= 1.343) & UnitsInsBasalOrLongAct >= 0.863) & TSH >= 3.212)
",9999999.000,9999999.000,0.000,1.000,0.000,0,0,0,2,2,0,0,2,0.0,0.0,0.0,0.0,0.0,1.0
"G[1,2]((WeightKg >= 54.054 | bmi >= 20.608) -> UnitsInsBasalOrLongAct <= 21.153)
",9999999.000,9999999.000,0.000,1.000,0.000,0,0,2,0,0,2,2,0,0.0,0.0,1.0,0.0,0.0,1.0
"G[2,2](((DirectLDL >= 0.000 -> SMBGperDayPtMeterCombo <= 3.886) | Pt_GrandchildT1D <= 5.671) -> Pt_GrandparentT1D <= 5.840)
",-5.840,-5.840,0.000,1.000,0.000,0,0,2,0,0,2,2,0,0.0,0.0,1.0,0.0,0.0,1.0
"G[0,2](Triglyc >= 126.724 -> HbA1cImputeDtMnC <= 25.178)
",9999999.000,9999999.000,0.000,1.000,0.000,0,0,1,1,1,1,1,1,0.0,0.0,1.0,0.0,0.0,1.0
"G[1,2](TotalDailyInsPerKg <= 1.393 & Pt_A1cGoalLev <= 0.000)
",9999999.000,9999999.000,0.000,1.000,0.000,0,0,1,1,1,1,1,1,0.0,0.0,1.0,0.0,0.0,1.0
"G[0,2](TotChol <= 163.836 & BGTestAvgNumPtRep <= 5.113)
",9999999.000,9999999.000,0.000,1.000,0.000,0,0,0,2,2,0,0,2,0.0,0.0,0.0,0.0,0.0,1.0
"G[0,1](Pt_SiblingT1D <= 0.000 & Pt_DKAFlg >= 0.032)
",9999999.000,9999999.000,0.000,1.000,0.000,0,0,0,2,2,0,0,2,0.0,0.0,0.0,0.0,0.0,1.0
"G[0,2]((HbA1c <= 9.616 | diabDur <= 8.850) -> AlbCreatRat_mggNew >= 7.100)
",9999999.000,9999999.000,0.000,1.000,0.000,0,0,1,1,1,1,1,1,0.0,0.0,1.0,0.0,0.0,1.0
"G[1,2](((Triglyc <= 228.685 | bmiZscore <= 0.468) | Pt_SHFlg <= 0.470) -> Pt_ChildT1D <= 0.307)
",9999999.000,9999999.000,0.000,1.000,0.000,0,0,2,0,0,2,2,0,0.0,0.0,1.0,0.0,0.0,1.0
"G[0,1](((Pt_InsGov <= 0.757 -> TotChol >= 8.766) -> Pt_A1cGoalLev >= 13.880) & age <= 177.939)
",9999999.000,9999999.000,0.000,1.000,0.000,0,0,0,2,2,0,0,2,0.0,0.0,0.0,0.0,0.0,1.0
"G[0,2](age <= 15.251 & Pt_MotherT1D <= 0.000)
",9999999.000,9999999.000,0.000,1.000,0.000,0,0,1,1,1,1,1,1,0.0,0.0,1.0,0.0,0.0,1.0
"G[1,2](((HeightCm >= 160.675 -> UnitsInsBasalOrLongAct <= 18.426) & Pt_SiblingT1D >= 1.187) & DirectLDL <= 31.166)
",9999999.000,9999999.000,0.000,1.000,0.000,0,0,0,2,2,0,0,2,0.0,0.0,0.0,0.0,0.0,1.0
"G[1,2](GFR <= 0.000 -> BUN >= 0.547)
",9999999.000,9999999.000,0.000,1.000,0.000,0,0,1,1,1,1,1,1,0.0,0.0,1.0,0.0,0.0,1.0
"G[0,2]((Pt_GrandchildT1D <= 0.000 | age >= 13.159) -> Pt_A1cGoalLev >= 15.235)
",9999999.000,9999999.000,0.000,1.000,0.000,0,0,0,2,2,0,0,2,0.0,0.0,0.0,0.0,0.0,1.0
"G[2,2]((AutonomicNeuroCl >= 0.000 -> TotalDailyInsPerKg <= 1.240) | BGTestAvgNumMeter <= 0.574)
",0.574,0.574,0.000,1.000,0.000,0,0,2,0,0,2,2,0,0.0,0.0,1.0,0.0,0.0,1.0
"G[2,2](((UnitsInsBasalOrLongAct >= 6.179 -> UnitsInsBasalOrLongAct <= 12.999) -> age >= 5.336) -> Pt_SHFlg >= 6.581)
",-5.336,-5.336,0.000,1.000,0.000,0,0,2,0,0,2,2,0,0.0,0.0,1.0,0.0,0.0,1.0
"G[0,1]((Pt_CGMUseNumDays >= 0.000 | LDL >= 32.375) -> DirectLDL >= 79.457)
",9999999.000,9999999.000,0.000,1.000,0.000,0,0,0,2,2,0,0,2,0.0,0.0,0.0,0.0,0.0,1.0
"G[0,1](((bmi <= 21.094 | TotalDailyInsPerKg >= 0.047) -> Pt_ChildT1D >= 0.448) & Pt_FatherT1D <= 1.342)
",9999999.000,9999999.000,0.000,1.000,0.000,0,0,0,2,2,0,0,2,0.0,0.0,0.0,0.0,0.0,1.0
"G[1,2]((LDL <= 98.689 | bmiZscore <= 0.347) | TotalDailyInsPerKg <= 0.489)
",9999999.000,9999999.000,0.000,1.000,0.000,0,0,1,1,1,1,1,1,0.0,0.0,1.0,0.0,0.0,1.0
"G[1,2](((BldPrSys <= 118.384 -> Triglyc >= 30.776) | HDL >= 143.055) | BUN >= 67.484)
",9999999.000,9999999.000,0.000,1.000,0.000,0,0,2,0,0,2,2,0,0.0,0.0,1.0,0.0,0.0,1.0
"G[2,2]((Pt_SiblingT1D <= 0.000 -> Pt_CGMUseNumDays >= 0.000) & Pt_GrandparentT1D <= 0.000)
",0.000,0.000,0.000,1.000,0.000,0,0,2,0,0,2,2,0,0.0,0.0,1.0,0.0,0.0,1.0
"G[1,2](((Pt_DKAFlg <= 0.375 | Pt_FatherT1D >= 0.000) | HeightCm >= 0.000) & HbA1c >= 0.000)
",9999999.000,9999999.000,0.000,1.000,0.000,0,0,2,0,0,2,2,0,0.0,0.0,1.0,0.0,0.0,1.0
"G[1,2](Pt_A1cGoalLevelDsYr5 >= 0.000 & BGTestAvgNumPtRep <= 5.555)
",9999999.000,9999999.000,0.000,1.000,0.000,0,0,1,1,1,1,1,1,0.0,0.0,1.0,0.0,0.0,1.0
"G[0,2](SMBGperDayPtMeterCombo >= 0.524 & BGTestAvgNumPtRep >= 0.509)
",9999999.000,9999999.000,0.000,1.000,0.000,0,0,1,1,1,1,1,1,0.0,0.0,1.0,0.0,0.0,1.0
"G[0,2](((UnitsInsBasalOrLongAct >= 1.265 -> LDL <= 91.344) -> diagAgeCombo >= 26.219) | BUN >= 41.173)
",9999999.000,9999999.000,0.000,1.000,0.000,0,0,0,2,2,0,0,2,0.0,0.0,0.0,0.0,0.0,1.0
"G[0,2]((WeightKg >= 53.533 | bmi >= 20.741) -> UnitsInsBasalOrLongAct <= 28.112)
",9999999.000,9999999.000,0.000,1.000,0.000,0,0,1,1,1,1,1,1,0.0,0.0,1.0,0.0,0.0,1.0
"G[1,2](Pt_GrandchildT1D <= 0.000 & Pt_ChildT1D <= 0.000)
",9999999.000,9999999.000,0.000,1.000,0.000,0,0,2,0,0,2,2,0,0.0,0.0,1.0,0.0,0.0,1.0
"G[1,2](SMBGperDayPtMeterCombo <= 3.728 | TotalDailyInsPerKg >= 0.220)
",9999999.000,9999999.000,0.000,1.000,0.000,0,0,2,0,0,2,2,0,0.0,0.0,1.0,0.0,0.0,1.0
"G[0,2](diagAgeCombo <= 6.000 | Pt_A1cGoalLevelDsYr5 <= 0.000)
",9999999.000,9999999.000,0.000,1.000,0.000,0,0,2,0,0,2,2,0,0.0,0.0,1.0,0.0,0.0,1.0
"G[0,1]((diabDur <= 9.636 | HeightCm >= 160.585) -> age >= 159.980)
",9999999.000,9999999.000,0.000,1.000,0.000,0,0,0,2,2,0,0,2,0.0,0.0,0.0,0.0,0.0,1.0
"G[1,2](GFR <= 0.000 -> BUN >= 2.419)
",9999999.000,9999999.000,0.000,1.000,0.000,0,0,1,1,1,1,1,1,0.0,0.0,1.0,0.0,0.0,1.0
"G[0,2](((bmi <= 21.070 -> LDL >= 47.562) | diabDur >= 23.496) -> WeightKg <= 92.554)
",9999999.000,9999999.000,0.000,1.000,0.000,0,0,2,0,0,2,2,0,0.0,0.0,1.0,0.0,0.0,1.0
"G[2,2]((WeightKg >= 52.816 | bmi >= 20.775) -> UnitsInsBasalOrLongAct <= 15.759)
",-15.759,-15.759,0.000,1.000,0.000,0,0,2,0,0,2,2,0,0.0,0.0,1.0,0.0,0.0,1.0
"G[2,2](LDL <= 91.592 | Triglyc <= 202.931)
",202.931,202.931,0.000,1.000,0.000,0,0,2,0,0,2,2,0,0.0,0.0,1.0,0.0,0.0,1.0
"G[0,1]((age >= 13.368 | BldPrDia >= 64.420) & bmiZscore >= 64.267)
",9999999.000,9999999.000,0.000,1.000,0.000,0,0,0,2,2,0,0,2,0.0,0.0,0.0,0.0,0.0,1.0
"G[1,2](((Triglyc <= 249.015 & TSH <= 1.572) -> HbA1c >= 0.083) & TotalDailyInsPerKg <= 1.404)
",9999999.000,9999999.000,0.000,1.000,0.000,0,0,1,1,1,1,1,1,0.0,0.0,1.0,0.0,0.0,1.0
"G[0,0](((bmiZscore <= 0.544 -> Triglyc <= 259.047) -> diagAgeCombo <= 268.483) -> UnitsInsBasalOrLongAct >= 147.324)
",147.324,147.324,0.000,1.000,0.000,0,0,0,2,2,0,0,2,0.0,0.0,0.0,0.0,0.0,1.0
"G[0,2]((TotChol <= 217.172 & TSH <= 1.149) & BldPrDia >= 0.554)
",9999999.000,9999999.000,0.000,1.000,0.000,0,0,1,1,1,1,1,1,0.0,0.0,1.0,0.0,0.0,1.0
"G[1,2](((BGTestAvgNumPtRep >= 1.502 -> TSH <= 1.327) | diabDur <= 0.904) & diabDur <= 1.472)
",9999999.000,9999999.000,0.000,1.000,0.000,0,0,0,2,2,0,0,2,0.0,0.0,0.0,0.0,0.0,1.0
"G[1,2]((SMBGperDayPtMeterCombo <= 5.902 -> TotChol <= 159.013) -> WeightKg <= 153.502)
",9999999.000,9999999.000,0.000,1.000,0.000,0,0,2,0,0,2,2,0,0.0,0.0,1.0,0.0,0.0,1.0
"G[1,2]((BldPrSys <= 121.423 & TotChol >= 25.529) -> Pt_FatherT1D <= 155.999)
",9999999.000,9999999.000,0.000,1.000,0.000,0,0,2,0,0,2,2,0,0.0,0.0,1.0,0.0,0.0,1.0
"G[0,1](BldPrDia <= 67.315 & bmiPerc >= 0.571)
",9999999.000,9999999.000,0.000,1.000,0.000,0,0,0,2,2,0,0,2,0.0,0.0,0.0,0.0,0.0,1.0
"G[0,2](Pt_DKAFlg >= 0.115 & Pt_SHFlg = 0.000)
",9999999.000,9999999.000,0.000,1.000,0.000,0,0,0,2,2,0,0,2,0.0,0.0,0.0,0.0,0.0,1.0
"G[0,2]((HDL >= 2.532 -> Pt_InsGov >= 0.339) -> Pt_CGMUseNumDays >= 0.198)
",9999999.000,9999999.000,0.000,1.000,0.000,0,0,1,1,1,1,1,1,0.0,0.0,1.0,0.0,0.0,1.0
"G[1,2](((Triglyc <= 230.113 -> WeightKg >= 53.557) | Pt_InsGov >= 53.409) | HeightCm >= 53.625)
",9999999.000,9999999.000,0.000,1.000,0.000,0,0,2,0,0,2,2,0,0.0,0.0,1.0,0.0,0.0,1.0
"G[0,2](TSH >= 0.074 -> UnitsInsBasalOrLongAct <= 22.710)
",9999999.000,9999999.000,0.000,1.000,0.000,0,0,1,1,1,1,1,1,0.0,0.0,1.0,0.0,0.0,1.0
"G[2,2](((diabDur <= 8.668 & Triglyc <= 273.489) | DirectLDL >= 20.160) | BGTestAvgNumPtRep <= 239.576)
",239.576,239.576,0.000,1.000,0.000,0,0,2,0,0,2,2,0,0.0,0.0,1.0,0.0,0.0,1.0
"G[2,2](((age <= 15.388 -> BldPrSys >= 117.945) -> HbA1cImputeDtMnC >= 116.107) | Pt_GrandparentT1D <= 120.496)
",120.496,120.496,0.000,1.000,0.000,0,0,2,0,0,2,2,0,0.0,0.0,1.0,0.0,0.0,1.0
"G[0,2](HbA1c >= 8.266 | Pt_InsGov >= 0.115)
",9999999.000,9999999.000,0.000,1.000,0.000,0,0,2,0,0,2,2,0,0.0,0.0,1.0,0.0,0.0,1.0
"G[0,2]((SMBGperDayPtMeterCombo <= 4.683 & TSH <= 1.228) -> HbA1cImputeDtMnC >= 0.356)
",9999999.000,9999999.000,0.000,1.000,0.000,0,0,1,1,1,1,1,1,0.0,0.0,1.0,0.0,0.0,1.0
"G[0,2]((LDL <= 108.460 | Pt_InsGov >= 0.343) | Pt_GrandparentT1D <= 0.969)
",9999999.000,9999999.000,0.000,1.000,0.000,0,0,2,0,0,2,2,0,0.0,0.0,1.0,0.0,0.0,1.0
"G[1,2]((HbA1c >= 9.089 -> TSH >= 0.057) | diabDur <= 0.886)
",9999999.000,9999999.000,0.000,1.000,0.000,0,0,2,0,0,2,2,0,0.0,0.0,1.0,0.0,0.0,1.0
"G[2,2](Pt_MotherT1D < 0.000 & Pt_SHFlg = 0.000)
",0.000,0.000,0.000,1.000,0.000,0,0,2,0,0,2,2,0,0.0,0.0,1.0,0.0,0.0,1.0
"G[0,2](bmi <= 20.941 & Pt_SHFlg = 0.000)
",9999999.000,9999999.000,0.000,1.000,0.000,0,0,0,2,2,0,0,2,0.0,0.0,0.0,0.0,0.0,1.0
"G[0,2](age > 13.419 -> Pt_SHFlg = 0.000)
",9999999.000,9999999.000,0.000,1.000,0.000,0,0,2,0,0,2,2,0,0.0,0.0,1.0,0.0,0.0,1.0
"G[1,2](diagAgeCombo > 6.000 -> Pt_SHFlg = 0.000)
",9999999.000,9999999.000,0.000,1.000,0.000,0,0,2,0,0,2,2,0,0.0,0.0,1.0,0.0,0.0,1.0
"G[1,2]((bmi <= 21.068 -> diabDur >= 8.479) & GFR <= 9.531)
",9999999.000,9999999.000,0.000,1.000,0.000,0,0,1,1,1,1,1,1,0.0,0.0,1.0,0.0,0.0,1.0
"G[2,2](BldPrSys >= 115.495 -> bmiPerc >= 0.613)
",0.613,0.613,0.000,1.000,0.000,0,0,2,0,0,2,2,0,0.0,0.0,1.0,0.0,0.0,1.0
"G[0,2](BldPrDia >= 64.010 | Triglyc >= 53.897)
",9999999.000,9999999.000,0.000,1.000,0.000,0,0,2,0,0,2,2,0,0.0,0.0,1.0,0.0,0.0,1.0
"G[2,2]((bmi <= 21.077 -> HeightCm >= 160.127) & LDL >= 159.926)
",-159.926,-159.926,0.000,1.000,0.000,0,0,2,0,0,2,2,0,0.0,0.0,1.0,0.0,0.0,1.0
"G[0,2]((bmi <= 21.035 -> Pt_DKAFlg >= 0.008) & Pt_MotherT1D <= 0.471)
",9999999.000,9999999.000,0.000,1.000,0.000,0,0,1,1,1,1,1,1,0.0,0.0,1.0,0.0,0.0,1.0
"G[0,2]((Pt_DKAFlg >= 0.242 | WeightKg >= 52.907) & HDL >= 53.144)
",9999999.000,9999999.000,0.000,1.000,0.000,0,0,0,2,2,0,0,2,0.0,0.0,0.0,0.0,0.0,1.0
"G[1,2](BldPrDia >= 63.651 | LDL >= 41.879)
",9999999.000,9999999.000,0.000,1.000,0.000,0,0,2,0,0,2,2,0,0.0,0.0,1.0,0.0,0.0,1.0
"G[1,2]((HDL >= 15.826 | HeightCm >= 160.631) -> age >= 160.017)
",9999999.000,9999999.000,0.000,1.000,0.000,0,0,0,2,2,0,0,2,0.0,0.0,0.0,0.0,0.0,1.0
"G[0,2](((BldPrDia >= 62.416 & HDL <= 47.133) & Pt_FatherT1D <= 43.532) & bmi <= 48.474)
",9999999.000,9999999.000,0.000,1.000,0.000,0,0,0,2,2,0,0,2,0.0,0.0,0.0,0.0,0.0,1.0
"G[1,2](((HbA1cImputeDtMnC <= 26.667 & HDL <= 39.878) & HDL >= 21.222) | Pt_SHFlg <= 48.528)
",9999999.000,9999999.000,0.000,1.000,0.000,0,0,2,0,0,2,2,0,0.0,0.0,1.0,0.0,0.0,1.0
"G[2,2](((BUN >= 3.114 -> HbA1c >= 9.372) | HbA1c >= 8.337) -> TotalDailyInsPerKg >= 9.368)
",-3.114,-3.114,0.000,1.000,0.000,0,0,2,0,0,2,2,0,0.0,0.0,1.0,0.0,0.0,1.0
"G[1,2](((bmiPerc >= 0.549 & Pt_InsGov >= 0.287) -> Pt_DKAFlg >= 0.089) -> Pt_CGMUseNumDays >= 0.114)
",9999999.000,9999999.000,0.000,1.000,0.000,0,0,1,1,1,1,1,1,0.0,0.0,1.0,0.0,0.0,1.0
"G[2,2]((diabDur >= 7.486 & Pt_InsGov <= 0.646) & NumPumpBolusOrShortAct >= 0.246)
",-7.486,-7.486,0.000,1.000,0.000,0,0,2,0,0,2,2,0,0.0,0.0,1.0,0.0,0.0,1.0
"G[0,2](((bmiPerc >= 0.542 | TSH <= 1.217) -> Pt_ChildT1D <= 1.628) & AlbCreatRat_mggNew >= 0.582)
",9999999.000,9999999.000,0.000,1.000,0.000,0,0,0,2,2,0,0,2,0.0,0.0,0.0,0.0,0.0,1.0
"G[0,2](BldPrSys >= 115.004 & bmi >= 20.654)
",9999999.000,9999999.000,0.000,1.000,0.000,0,0,1,1,1,1,1,1,0.0,0.0,1.0,0.0,0.0,1.0
"G[1,2]((BGTestAvgNumPtRep >= 1.837 | TotChol >= 89.496) -> BGTestAvgNumMeter >= 133.081)
",9999999.000,9999999.000,0.000,1.000,0.000,0,0,0,2,2,0,0,2,0.0,0.0,0.0,0.0,0.0,1.0
"G[0,2]((BldPrSys >= 116.865 -> WeightKg >= 53.488) & Pt_A1cGoalLevelDsYr5 >= 53.776)
",9999999.000,9999999.000,0.000,1.000,0.000,0,0,0,2,2,0,0,2,0.0,0.0,0.0,0.0,0.0,1.0
"G[1,2](age >= 14.916 -> LDL <= 103.873)
",9999999.000,9999999.000,0.000,1.000,0.000,0,0,0,2,2,0,0,2,0.0,0.0,0.0,0.0,0.0,1.0
"G[0,2](((HbA1cImputeDtMnC >= 14.744 | LDL >= 84.990) & GFR <= 93.006) | UnitsInsBasalOrLongAct >= 83.876)
",9999999.000,9999999.000,0.000,1.000,0.000,0,0,1,1,1,1,1,1,0.0,0.0,1.0,0.0,0.0,1.0
"G[2,2]((bmiZscore <= 0.533 | WeightKg >= 52.994) -> Pt_DKAFlg <= 54.424)
",-54.424,-54.424,0.000,1.000,0.000,0,0,2,0,0,2,2,0,0.0,0.0,1.0,0.0,0.0,1.0
"G[2,2](((BldPrSys <= 120.887 & LDL >= 74.878) -> diagAgeCombo <= 113.359) | BldPrSys >= 49.275)
",-49.275,-49.275,0.000,1.000,0.000,0,0,2,0,0,2,2,0,0.0,0.0,1.0,0.0,0.0,1.0
"G[2,2]((HbA1cImputeDtMnC >= 19.430 -> Pt_InsGov <= 0.982) -> TotalDailyInsPerKg <= 0.562)
",-0.562,-0.562,0.000,1.000,0.000,0,0,2,0,0,2,2,0,0.0,0.0,1.0,0.0,0.0,1.0
"G[1,2](bmiZscore <= 0.343 | LDL <= 115.825)
",9999999.000,9999999.000,0.000,1.000,0.000,0,0,1,1,1,1,1,1,0.0,0.0,1.0,0.0,0.0,1.0
"G[1,2]((bmiPerc >= 0.553 -> LDL <= 103.331) & bmiPerc >= 59.975)
",9999999.000,9999999.000,0.000,1.000,0.000,0,0,0,2,2,0,0,2,0.0,0.0,0.0,0.0,0.0,1.0
"G[0,2](((BldPrDia <= 69.760 & HbA1c <= 10.400) & HbA1c <= 9.963) -> WeightKg <= 10.222)
",9999999.000,9999999.000,0.000,1.000,0.000,0,0,0,2,2,0,0,2,0.0,0.0,0.0,0.0,0.0,1.0
"G[0,2]((TotChol >= 52.609 & UnitsInsBasalOrLongAct >= 0.045) & Triglyc >= 1.155)
",9999999.000,9999999.000,0.000,1.000,0.000,0,0,0,2,2,0,0,2,0.0,0.0,0.0,0.0,0.0,1.0
"G[0,1]((bmiPerc <= 0.655 -> BGTestAvgNumPtRep <= 3.295) & Pt_SiblingT1D >= 1.540)
",9999999.000,9999999.000,0.000,1.000,0.000,0,0,0,2,2,0,0,2,0.0,0.0,0.0,0.0,0.0,1.0
"G[1,1](bmi <= 21.050 & Pt_SHFlg = 0.000)
",0.000,0.000,0.000,1.000,0.000,0,0,0,2,2,0,0,2,0.0,0.0,0.0,0.0,0.0,1.0
"G[1,2]((AlbCreatRat_mggNew >= 3.954 | TSH >= 0.045) -> diabDur <= 0.872)
",9999999.000,9999999.000,0.000,1.000,0.000,0,0,1,1,1,1,1,1,0.0,0.0,1.0,0.0,0.0,1.0
"G[1,2](((BGTestAvgNumPtRep >= 0.551 & Triglyc >= 78.774) -> BldPrDia >= 63.175) -> bmi <= 270.096)
",9999999.000,9999999.000,0.000,1.000,0.000,0,0,2,0,0,2,2,0,0.0,0.0,1.0,0.0,0.0,1.0
"G[0,1](((BUN <= 9.448 & HbA1cImputeDtMnC <= 37.584) | HbA1c >= 15.023) & bmiZscore >= 1.781)
",9999999.000,9999999.000,0.000,1.000,0.000,0,0,0,2,2,0,0,2,0.0,0.0,0.0,0.0,0.0,1.0
"G[0,1](GFR <= 0.000 -> BUN >= 1.145)
",9999999.000,9999999.000,0.000,1.000,0.000,0,0,0,2,2,0,0,2,0.0,0.0,0.0,0.0,0.0,1.0
"G[0,2](((AlbCreatRat_mggNew >= 1.042 & Pt_InsGov <= 0.602) & diabDur <= 0.817) -> age <= 0.957)
",9999999.000,9999999.000,0.000,1.000,0.000,0,0,2,0,0,2,2,0,0.0,0.0,1.0,0.0,0.0,1.0
"G[0,2](((age >= 14.194 -> TotalDailyInsPerKg >= 0.401) | BldPrDia <= 1.566) -> BldPrDia >= 0.137)
",9999999.000,9999999.000,0.000,1.000,0.000,0,0,2,0,0,2,2,0,0.0,0.0,1.0,0.0,0.0,1.0
"G[0,2](((BGTestAvgNumMeter >= 0.447 -> WeightKg >= 53.978) -> HbA1c >= 53.777) -> GFR >= 53.588)
",9999999.000,9999999.000,0.000,1.000,0.000,0,0,1,1,1,1,1,1,0.0,0.0,1.0,0.0,0.0,1.0
"G[0,2](BldPrSys <= 121.763 | TSH >= 0.347)
",9999999.000,9999999.000,0.000,1.000,0.000,0,0,1,1,1,1,1,1,0.0,0.0,1.0,0.0,0.0,1.0
"G[0,2](BGTestAvgNumMeter >= 1.000 & bmi <= 21.025)
",9999999.000,9999999.000,0.000,1.000,0.000,0,0,0,2,2,0,0,2,0.0,0.0,0.0,0.0,0.0,1.0
"G[0,2](((TotalDailyInsPerKg >= 0.124 | Triglyc <= 171.563) | diabDur >= 64.309) -> DirectLDL <= 294.833)
",9999999.000,9999999.000,0.000,1.000,0.000,0,0,2,0,0,2,2,0,0.0,0.0,1.0,0.0,0.0,1.0
"G[0,1](BUN >= 3.225 & Triglyc <= 261.555)
",9999999.000,9999999.000,0.000,1.000,0.000,0,0,0,2,2,0,0,2,0.0,0.0,0.0,0.0,0.0,1.0
"G[1,2](((HeightCm <= 160.741 & UnitsInsBasalOrLongAct <= 22.284) -> LDL >= 7.453) | Pt_SiblingT1D >= 8.628)
",9999999.000,9999999.000,0.000,1.000,0.000,0,0,2,0,0,2,2,0,0.0,0.0,1.0,0.0,0.0,1.0
"G[1,2]((Pt_CGMUseNumDays <= 0.000 | Pt_CGMUseNumDays <= 0.000) | HbA1cImputeDtMnC >= 0.000)
",9999999.000,9999999.000,0.000,1.000,0.000,0,0,2,0,0,2,2,0,0.0,0.0,1.0,0.0,0.0,1.0
"G[2,2](SMBGperDayPtMeterCombo >= 1.333 & BGTestAvgNumPtRep >= 1.867)
",-1.867,-1.867,0.000,1.000,0.000,0,0,2,0,0,2,2,0,0.0,0.0,1.0,0.0,0.0,1.0
"G[1,2]((diabDur <= 9.182 | HbA1cImputeDtMnC >= 8.698) | GFR >= 0.580)
",9999999.000,9999999.000,0.000,1.000,0.000,0,0,2,0,0,2,2,0,0.0,0.0,1.0,0.0,0.0,1.0
"G[1,2]((BUN <= 9.308 | AlbCreatRat_mggNew >= 3.007) | HbA1cImputeDtMnC >= 3.069)
",9999999.000,9999999.000,0.000,1.000,0.000,0,0,2,0,0,2,2,0,0.0,0.0,1.0,0.0,0.0,1.0
"G[1,2]((Triglyc <= 244.062 -> Pt_MotherT1D <= 0.000) | HeightCm <= 0.000)
",9999999.000,9999999.000,0.000,1.000,0.000,0,0,2,0,0,2,2,0,0.0,0.0,1.0,0.0,0.0,1.0
"G[1,2](((NumPumpBolusOrShortAct <= 0.000 | Triglyc <= 238.929) | Pt_MotherT1D <= 223.391) & TotalDailyInsPerKg <= 301.332)
",9999999.000,9999999.000,0.000,1.000,0.000,0,0,2,0,0,2,2,0,0.0,0.0,1.0,0.0,0.0,1.0
"G[2,2](((HDL <= 45.542 & BldPrSys <= 119.872) & bmiPerc <= 122.474) -> AutonomicNeuroCl >= 117.859)
",-45.542,-45.542,0.000,1.000,0.000,0,0,2,0,0,2,2,0,0.0,0.0,1.0,0.0,0.0,1.0
"G[1,2]((bmiPerc >= 0.557 -> BGTestAvgNumPtRep >= 1.739) & NumPumpBolusOrShortAct <= 3.556)
",9999999.000,9999999.000,0.000,1.000,0.000,0,0,2,0,0,2,2,0,0.0,0.0,1.0,0.0,0.0,1.0
"G[0,2]((Pt_FatherT1D >= 0.000 -> AlbCreatRat_mggNew <= 8.102) & HbA1cImputeDtMnC >= 3.376)
",9999999.000,9999999.000,0.000,1.000,0.000,0,0,0,2,2,0,0,2,0.0,0.0,0.0,0.0,0.0,1.0
"G[1,2]((HbA1c >= 9.105 | WeightKg >= 53.808) | Pt_CGMUseNumDays <= 54.622)
",9999999.000,9999999.000,0.000,1.000,0.000,0,0,2,0,0,2,2,0,0.0,0.0,1.0,0.0,0.0,1.0
"G[0,2](BGTestAvgNumPtRep >= 1.701 | HeightCm >= 160.179)
",9999999.000,9999999.000,0.000,1.000,0.000,0,0,1,1,1,1,1,1,0.0,0.0,1.0,0.0,0.0,1.0
"G[1,2](((bmiPerc <= 0.629 -> SMBGperDayPtMeterCombo >= 0.841) -> bmi <= 3.337) -> bmi <= 4.259)
",9999999.000,9999999.000,0.000,1.000,0.000,0,0,1,1,1,1,1,1,0.0,0.0,1.0,0.0,0.0,1.0
"G[2,2](GFR <= 0.000 -> BUN >= 3.031)
",0.000,0.000,0.000,1.000,0.000,0,0,2,0,0,2,2,0,0.0,0.0,1.0,0.0,0.0,1.0
"G[0,0](GFR < 0.000 & Pt_SHFlg = 0.000)
",-2.910,-30.091,0.000,1.000,0.000,0,0,0,2,2,0,0,2,0.0,0.0,0.0,0.0,0.0,1.0
"G[0,1](((BldPrSys >= 114.786 & diabDur >= 8.408) -> HDL >= 8.050) -> Pt_DKAFlg >= 7.380)
",9999999.000,9999999.000,0.000,1.000,0.000,0,0,0,2,2,0,0,2,0.0,0.0,0.0,0.0,0.0,1.0
"G[0,1]((BGTestAvgNumMeter >= 1.255 & bmiZscore <= 0.328) & BUN <= 0.556)
",9999999.000,9999999.000,0.000,1.000,0.000,0,0,0,2,2,0,0,2,0.0,0.0,0.0,0.0,0.0,1.0
"G[0,1]((HbA1cImputeDtMnC >= 7.428 -> SMBGperDayPtMeterCombo <= 5.718) -> WeightKg <= 4.249)
",9999999.000,9999999.000,0.000,1.000,0.000,0,0,0,2,2,0,0,2,0.0,0.0,0.0,0.0,0.0,1.0
"G[0,1](bmi < 20.947 & Pt_SHFlg = 0.000)
",9999999.000,9999999.000,0.000,1.000,0.000,0,0,0,2,2,0,0,2,0.0,0.0,0.0,0.0,0.0,1.0
"G[1,2](((BGTestAvgNumPtRep <= 3.414 | UnitsInsBasalOrLongAct >= 2.673) -> diabDur <= 35.842) | TotChol <= 23.832)
",9999999.000,9999999.000,0.000,1.000,0.000,0,0,2,0,0,2,2,0,0.0,0.0,1.0,0.0,0.0,1.0
"G[1,2](AlbCreatRat_mggNew <= 6.816 | BldPrDia <= 69.221)
",9999999.000,9999999.000,0.000,1.000,0.000,0,0,2,0,0,2,2,0,0.0,0.0,1.0,0.0,0.0,1.0
"G[1,2](BGTestAvgNumPtRep <= 4.509 & diabDur >= 8.215)
",9999999.000,9999999.000,0.000,1.000,0.000,0,0,1,1,1,1,1,1,0.0,0.0,1.0,0.0,0.0,1.0
"G[1,2]((BldPrDia <= 68.491 & UnitsInsBasalOrLongAct >= 3.450) -> GFR >= 4.318)
",9999999.000,9999999.000,0.000,1.000,0.000,0,0,2,0,0,2,2,0,0.0,0.0,1.0,0.0,0.0,1.0
"G[2,2]((BldPrDia >= 63.118 -> TotChol <= 165.756) & WeightKg >= 145.322)
",-165.756,-165.756,0.000,1.000,0.000,0,0,2,0,0,2,2,0,0.0,0.0,1.0,0.0,0.0,1.0
"G[0,0]((TotalDailyInsPerKg >= 0.135 | WeightKg <= 54.758) -> bmi >= 52.915)
",-17.253,-51.758,0.000,1.000,0.000,0,0,0,2,2,0,0,2,0.0,0.0,0.0,0.0,0.0,1.0
"G[2,2](BGTestAvgNumPtRep <= 5.828 & bmiPerc >= 0.612)
",-0.612,-0.612,0.000,1.000,0.000,0,0,2,0,0,2,2,0,0.0,0.0,1.0,0.0,0.0,1.0
"G[1,2](((BUN >= 0.045 & HeightCm >= 160.363) & HDL >= 159.810) | Pt_A1cGoalLevelDsYr5 <= 160.721)
",9999999.000,9999999.000,0.000,1.000,0.000,0,0,2,0,0,2,2,0,0.0,0.0,1.0,0.0,0.0,1.0
"G[2,2](BGTestAvgNumPtRep <= 2.133 -> bmiZscore >= 0.114)
",-2.133,-2.133,0.000,1.000,0.000,0,0,2,0,0,2,2,0,0.0,0.0,1.0,0.0,0.0,1.0
"G[0,2](((HbA1c >= 8.461 -> LDL >= 47.530) & Pt_GrandparentT1D >= 16.842) -> BUN >= 20.928)
",9999999.000,9999999.000,0.000,1.000,0.000,0,0,2,0,0,2,2,0,0.0,0.0,1.0,0.0,0.0,1.0
"G[0,2](diabDur <= 8.851 & UnitsInsBasalOrLongAct <= 20.595)
",9999999.000,9999999.000,0.000,1.000,0.000,0,0,1,1,1,1,1,1,0.0,0.0,1.0,0.0,0.0,1.0
"G[0,2](Pt_SHFlg > 0.000 & Pt_SHFlg = 0.000)
",9999999.000,9999999.000,0.000,1.000,0.000,0,0,0,2,2,0,0,2,0.0,0.0,0.0,0.0,0.0,1.0
"G[0,1](((HbA1cImputeDtMnC <= 25.780 -> TotChol >= 19.519) & UnitsInsBasalOrLongAct <= 152.017) & SMBGperDayPtMeterCombo >= 32.068)
",9999999.000,9999999.000,0.000,1.000,0.000,0,0,0,2,2,0,0,2,0.0,0.0,0.0,0.0,0.0,1.0
"G[1,2](((BGTestAvgNumPtRep >= 0.069 -> LDL >= 27.885) | SMBGperDayPtMeterCombo <= 109.850) -> DirectLDL >= 37.691)
",9999999.000,9999999.000,0.000,1.000,0.000,0,0,0,2,2,0,0,2,0.0,0.0,0.0,0.0,0.0,1.0
"G[0,2](((HeightCm >= 159.868 | TotChol >= 94.094) -> AlbCreatRat_mggNew <= 185.576) & Pt_A1cGoalLevelDsYr5 <= 148.706)
",9999999.000,9999999.000,0.000,1.000,0.000,0,0,2,0,0,2,2,0,0.0,0.0,1.0,0.0,0.0,1.0
"G[1,2]((age >= 14.109 -> TotChol <= 196.474) | BUN >= 102.073)
",9999999.000,9999999.000,0.000,1.000,0.000,0,0,2,0,0,2,2,0,0.0,0.0,1.0,0.0,0.0,1.0
"G[0,2](SMBGperDayPtMeterCombo >= 2.368 & BGTestAvgNumPtRep >= 0.098)
",9999999.000,9999999.000,0.000,1.000,0.000,0,0,1,1,1,1,1,1,0.0,0.0,1.0,0.0,0.0,1.0
