,Rule,Rule Count,Percent of Population
22,"F[0,0](((Calcium <= 0.000 & Potassium <= 0.000) & Magnesium >= 0.000))",39,1.0
562,"F[0,0]((((Calcium < 0.000 & Potassium < 0.000) & Magnesium < 0.000) & Phosphate < 0.000))",9,0.9
231,"G[0,0]((AST <= 0.000 | O2Sat >= 0.000))",3,0.3
657,"((AST >= 0.000) U[0,0] (SepsisLabel = 0.000))",2,0.2
516,"((MAP >= 0.000) U[0,0] (SBP <= 0.000))",2,0.2
115,"G[0,0]((Platelets < 0.000 & SepsisLabel = 0.000))",2,0.2
551,"((BaseExcess > 0.000) U[0,0] (SepsisLabel = 0.000))",2,0.2
85,"((MAP >= 0.000) U[0,0] (WBC >= 0.000))",2,0.2
29,"G[0,0]((MAP > 0.000 -> SepsisLabel = 0.000))",2,0.2
677,"G[0,0]((Creatinine < 0.000 -> SepsisLabel = 0.000))",2,0.2
15,"((DBP < 0.000) U[0,0] (SepsisLabel = 0.000))",2,0.2
284,"G[0,0]((Chloride >= 0.000 -> Hgb <= 0.000))",2,0.2
444,"((PTT > 0.000) U[0,0] (SepsisLabel = 0.000))",2,0.2
126,"G[0,0]((Calcium > 0.000 -> SepsisLabel = 0.000))",2,0.2
129,"((EtCO2 > 0.000) U[0,0] (SepsisLabel = 0.000))",2,0.2
104,"G[0,0]((BUN >= 0.000 | PaCO2 <= 0.000))",2,0.2
672,"G[0,0](((DBP <= 0.000 | Lactate <= 0.000) | Temp <= 0.000))",1,0.1
669,"G[0,0](((Phosphate <= 0.000 | WBC >= 0.000) | BUN <= 0.000))",1,0.1
668,"G[0,0]((HR < 0.000 -> SepsisLabel = 0.000))",1,0.1
667,"G[0,0]((Potassium <= 0.000 | SBP >= 0.000))",1,0.1
666,"G[0,0](((Creatinine <= 0.000 -> SBP <= 0.000) | Bilirubin_direct <= 0.000))",1,0.1
665,"F[0,0]((((BUN >= 0.000 | Creatinine >= 0.000) -> Potassium >= 0.000) & EtCO2 >= 0.000))",1,0.1
664,"F[0,0](((Calcium <= 0.000 & Creatinine <= 0.000) & HR <= 0.000))",1,0.1
670,"G[0,0]((BUN >= 0.000 | Calcium <= 0.000))",1,0.1
671,"G[0,0]((((Hgb <= 0.000 -> O2Sat <= 0.000) & Temp <= 0.000) -> O2Sat >= 0.000))",1,0.1
675,"G[0,0]((Alkalinephos <= 0.000 -> AST <= 0.000))",1,0.1
673,"G[0,0]((((Bilirubin_total >= 0.000 -> BUN <= 0.000) -> SepsisLabel >= 0.000) -> DBP <= 0.000))",1,0.1
674,"G[0,0](((HCO3 >= 0.000 -> Temp >= 0.000) | BUN >= 0.000))",1,0.1
662,"F[0,0]((((FiO2 <= 0.000 & BaseExcess <= 0.000) | Bilirubin_direct <= 0.000) & Lactate <= 0.000))",1,0.1
676,"G[0,0]((AST >= 0.000 -> Creatinine >= 0.000))",1,0.1
678,"G[0,0]((HCO3 <= 0.000 -> SepsisLabel = 0.000))",1,0.1
679,"G[0,0]((((Chloride <= 0.000 & Phosphate >= 0.000) -> PaCO2 <= 0.000) | MAP <= 0.000))",1,0.1
680,"G[0,0](((PaCO2 <= 0.000 -> Phosphate <= 0.000) & SBP >= 0.000))",1,0.1
681,"G[0,0]((Hgb <= 0.000 -> Phosphate <= 0.000))",1,0.1
682,"F[0,0](((Magnesium >= 0.000 -> O2Sat >= 0.000) -> Phosphate >= 0.000))",1,0.1
683,"G[0,0]((((Resp >= 0.000 -> EtCO2 >= 0.000) -> BaseExcess >= 0.000) -> Potassium >= 0.000))",1,0.1
684,"G[0,0]((((Alkalinephos <= 0.000 & Hgb <= 0.000) | MAP <= 0.000) | Fibrinogen <= 0.000))",1,0.1
685,"G[0,0]((Alkalinephos <= 0.000 | Lactate >= 0.000))",1,0.1
686,"G[0,0](((Calcium <= 0.000 -> Hgb >= 0.000) -> Lactate <= 0.000))",1,0.1
663,"F[0,0]((((PaCO2 <= 0.000 | Platelets <= 0.000) | pH <= 0.000) & SBP <= 0.000))",1,0.1
0,"G[0,0](((HR <= 0.000 & Temp >= 0.000) -> TroponinI <= 0.000))",1,0.1
661,"F[0,0](((HR >= 0.000 | O2Sat <= 0.000) & SaO2 >= 0.000))",1,0.1
660,"F[0,0](((pH >= 0.000 & PTT >= 0.000) & AST <= 0.000))",1,0.1
633,"G[0,0]((Hgb >= 0.000 -> FiO2 >= 0.000))",1,0.1
634,"F[0,0]((((Phosphate >= 0.000 | Glucose >= 0.000) & PaCO2 >= 0.000) | EtCO2 >= 0.000))",1,0.1
635,"G[0,0]((((Calcium <= 0.000 | Resp <= 0.000) | Alkalinephos <= 0.000) -> Potassium <= 0.000))",1,0.1
636,"G[0,0]((((Alkalinephos <= 0.000 | Temp <= 0.000) -> TroponinI <= 0.000) | TroponinI <= 0.000))",1,0.1
637,"F[0,0]((Calcium >= 0.000 & Potassium <= 0.000))",1,0.1
638,"F[0,0](((AST >= 0.000 & BaseExcess >= 0.000) & AST >= 0.000))",1,0.1
639,"F[0,0](((Bilirubin_total <= 0.000 & Hct <= 0.000) & Bilirubin_total >= 0.000))",1,0.1
640,"G[0,0](((FiO2 >= 0.000 -> MAP >= 0.000) | Glucose >= 0.000))",1,0.1
641,"F[0,0](((BaseExcess >= 0.000 | DBP >= 0.000) & Bilirubin_total >= 0.000))",1,0.1
642,"F[0,0](((Creatinine <= 0.000 & Lactate >= 0.000) & Lactate >= 0.000))",1,0.1
643,"G[0,0]((Bilirubin_total >= 0.000 -> Hgb >= 0.000))",1,0.1
644,"G[0,0](((MAP >= 0.000 & Temp <= 0.000) | Bilirubin_direct <= 0.000))",1,0.1
645,"G[0,0]((BUN <= 0.000 | MAP <= 0.000))",1,0.1
646,"G[0,0]((((PaCO2 <= 0.000 -> EtCO2 >= 0.000) | Alkalinephos <= 0.000) | MAP >= 0.000))",1,0.1
647,"G[0,0]((((BaseExcess >= 0.000 & Glucose <= 0.000) | pH <= 0.000) | pH >= 0.000))",1,0.1
648,"G[0,0](((Chloride >= 0.000 & Potassium <= 0.000) | Magnesium <= 0.000))",1,0.1
649,"F[0,0](((BUN >= 0.000 -> Temp >= 0.000) & Phosphate >= 0.000))",1,0.1
650,"G[0,0]((DBP <= 0.000 | Hct <= 0.000))",1,0.1
651,"G[0,0]((((Creatinine <= 0.000 | FiO2 <= 0.000) & Fibrinogen <= 0.000) | pH >= 0.000))",1,0.1
652,"G[0,0]((((PaCO2 <= 0.000 & SBP >= 0.000) | HR <= 0.000) | Hgb >= 0.000))",1,0.1
653,"G[0,0](((Fibrinogen <= 0.000 & SaO2 <= 0.000) & Glucose >= 0.000))",1,0.1
654,"G[0,0]((((Chloride <= 0.000 | Hct >= 0.000) & TroponinI <= 0.000) -> EtCO2 <= 0.000))",1,0.1
655,"F[0,0]((((AST >= 0.000 & MAP <= 0.000) -> Chloride <= 0.000) & Lactate >= 0.000))",1,0.1
656,"F[0,0](((Platelets >= 0.000 | Phosphate <= 0.000) & EtCO2 >= 0.000))",1,0.1
688,"G[0,0]((((HCO3 <= 0.000 & SBP <= 0.000) | DBP <= 0.000) & EtCO2 <= 0.000))",1,0.1
658,"G[0,0]((((Hct <= 0.000 | Temp >= 0.000) | Creatinine <= 0.000) | Phosphate >= 0.000))",1,0.1
659,"F[0,0]((((AST <= 0.000 & Calcium <= 0.000) & Chloride >= 0.000) & DBP <= 0.000))",1,0.1
687,"G[0,0](((Calcium >= 0.000 & Temp >= 0.000) -> SaO2 <= 0.000))",1,0.1
693,"G[0,0]((FiO2 >= 0.000 | Phosphate <= 0.000))",1,0.1
689,"G[0,0](((Chloride <= 0.000 -> PaCO2 <= 0.000) | Platelets <= 0.000))",1,0.1
735,"F[0,0]((((Chloride >= 0.000 & Hgb <= 0.000) | Calcium >= 0.000) & HR <= 0.000))",1,0.1
722,"G[0,0](((Platelets >= 0.000 -> Temp <= 0.000) & PaCO2 <= 0.000))",1,0.1
723,"G[0,0](((Lactate <= 0.000 & Magnesium >= 0.000) -> Chloride <= 0.000))",1,0.1
724,"F[0,0]((PaCO2 >= 0.000 | Glucose >= 0.000))",1,0.1
725,"F[0,0]((((Creatinine >= 0.000 & pH >= 0.000) & PTT <= 0.000) | BUN >= 0.000))",1,0.1
726,"((SepsisLabel <= 0.000) U[0,0] (Calcium >= 0.000))",1,0.1
727,"F[0,0](((HR >= 0.000 -> Potassium >= 0.000) & pH >= 0.000))",1,0.1
728,"G[0,0]((((Lactate <= 0.000 -> EtCO2 <= 0.000) -> BaseExcess >= 0.000) | SepsisLabel >= 0.000))",1,0.1
729,"G[0,0]((((Potassium >= 0.000 -> SBP >= 0.000) -> SBP <= 0.000) -> MAP <= 0.000))",1,0.1
730,"G[0,0]((((O2Sat <= 0.000 -> EtCO2 >= 0.000) & FiO2 >= 0.000) | O2Sat >= 0.000))",1,0.1
731,"G[0,0](((TroponinI >= 0.000 -> DBP >= 0.000) | Resp <= 0.000))",1,0.1
732,"G[0,0]((Chloride <= 0.000 -> Magnesium <= 0.000))",1,0.1
733,"G[0,0]((((Alkalinephos >= 0.000 -> PTT >= 0.000) | Magnesium <= 0.000) -> O2Sat >= 0.000))",1,0.1
734,"G[0,0]((((Platelets <= 0.000 | Potassium >= 0.000) & Chloride <= 0.000) | Phosphate <= 0.000))",1,0.1
736,"G[0,0](((Alkalinephos <= 0.000 & SepsisLabel <= 0.000) | Platelets <= 0.000))",1,0.1
690,"G[0,0](((Lactate >= 0.000 & WBC <= 0.000) | Magnesium <= 0.000))",1,0.1
737,"G[0,0]((Bilirubin_direct <= 0.000 | Magnesium <= 0.000))",1,0.1
738,"G[0,0](((BUN <= 0.000 | Platelets >= 0.000) -> Calcium <= 0.000))",1,0.1
739,"G[0,0](((Chloride <= 0.000 & DBP >= 0.000) -> AST <= 0.000))",1,0.1
740,"F[0,0](((Fibrinogen <= 0.000 & BaseExcess >= 0.000) & MAP <= 0.000))",1,0.1
741,"((Creatinine >= 0.000) U[0,0] (PaCO2 >= 0.000))",1,0.1
742,"F[0,0]((((Lactate >= 0.000 & Potassium <= 0.000) -> O2Sat <= 0.000) & SaO2 >= 0.000))",1,0.1
743,"F[0,0]((Alkalinephos > 0.000 & SepsisLabel = 0.000))",1,0.1
744,"F[0,0](((Fibrinogen >= 0.000 | BaseExcess <= 0.000) & PaCO2 <= 0.000))",1,0.1
745,"F[0,0](((SBP >= 0.000 -> Lactate <= 0.000) & SepsisLabel >= 0.000))",1,0.1
746,"F[0,0]((((Resp >= 0.000 & SBP <= 0.000) | Phosphate <= 0.000) & Resp >= 0.000))",1,0.1
747,"F[0,0]((((SepsisLabel <= 0.000 | Creatinine <= 0.000) & Hct <= 0.000) & Magnesium >= 0.000))",1,0.1
748,"F[0,0]((((Hct >= 0.000 | Temp <= 0.000) | TroponinI <= 0.000) -> AST >= 0.000))",1,0.1
749,"F[0,0]((((pH >= 0.000 -> MAP >= 0.000) -> SepsisLabel <= 0.000) -> SepsisLabel >= 0.000))",1,0.1
721,"G[0,0]((PTT <= 0.000 -> PaCO2 <= 0.000))",1,0.1
720,"G[0,0]((((Phosphate >= 0.000 -> Lactate >= 0.000) & Hgb >= 0.000) -> BUN <= 0.000))",1,0.1
719,"G[0,0](((Potassium <= 0.000 -> WBC <= 0.000) | SaO2 >= 0.000))",1,0.1
718,"((Lactate <= 0.000) U[0,0] (pH >= 0.000))",1,0.1
691,"G[0,0](((BaseExcess <= 0.000 | Potassium >= 0.000) -> Calcium >= 0.000))",1,0.1
692,"G[0,0](((Bilirubin_total <= 0.000 -> Potassium >= 0.000) -> Fibrinogen <= 0.000))",1,0.1
631,"G[0,0](((Platelets >= 0.000 -> BaseExcess <= 0.000) -> pH <= 0.000))",1,0.1
694,"G[0,0]((((SaO2 <= 0.000 & DBP >= 0.000) -> FiO2 <= 0.000) | Magnesium >= 0.000))",1,0.1
695,"G[0,0]((((Alkalinephos >= 0.000 & O2Sat <= 0.000) | Temp >= 0.000) -> FiO2 >= 0.000))",1,0.1
696,"G[0,0]((((Bilirubin_total >= 0.000 -> Magnesium >= 0.000) -> Phosphate >= 0.000) -> Lactate >= 0.000))",1,0.1
697,"((SaO2 <= 0.000) U[0,0] (Lactate >= 0.000))",1,0.1
698,"G[0,0]((((SBP <= 0.000 & WBC >= 0.000) -> DBP <= 0.000) | Hgb <= 0.000))",1,0.1
699,"G[0,0]((BUN >= 0.000 -> FiO2 <= 0.000))",1,0.1
700,"G[0,0]((O2Sat >= 0.000 | PaCO2 >= 0.000))",1,0.1
701,"G[0,0](((Platelets <= 0.000 -> WBC <= 0.000) | DBP <= 0.000))",1,0.1
702,"G[0,0]((Chloride >= 0.000 -> HR >= 0.000))",1,0.1
703,"G[0,0](((AST <= 0.000 -> Glucose <= 0.000) -> SBP >= 0.000))",1,0.1
704,"G[0,0]((Phosphate <= 0.000 -> Potassium <= 0.000))",1,0.1
705,"G[0,0](((Bilirubin_total <= 0.000 & HCO3 >= 0.000) | HR >= 0.000))",1,0.1
706,"G[0,0](((Alkalinephos <= 0.000 | Glucose <= 0.000) & BaseExcess <= 0.000))",1,0.1
707,"G[0,0](((Bilirubin_total <= 0.000 & PaCO2 >= 0.000) -> Magnesium >= 0.000))",1,0.1
708,"F[0,0]((AST > 0.000 & SepsisLabel = 0.000))",1,0.1
709,"F[0,0](((AST >= 0.000 & Glucose >= 0.000) & SBP >= 0.000))",1,0.1
710,"F[0,0]((((BUN <= 0.000 & Lactate <= 0.000) & pH >= 0.000) | Lactate >= 0.000))",1,0.1
711,"F[0,0](((Calcium >= 0.000 | Phosphate >= 0.000) | BaseExcess >= 0.000))",1,0.1
712,"F[0,0](((PaCO2 >= 0.000 & Resp <= 0.000) & TroponinI <= 0.000))",1,0.1
713,"((Bilirubin_total >= 0.000) U[0,0] (Phosphate >= 0.000))",1,0.1
714,"F[0,0]((MAP <= 0.000 & Platelets >= 0.000))",1,0.1
715,"F[0,0](((EtCO2 <= 0.000 | Calcium >= 0.000) -> Phosphate >= 0.000))",1,0.1
716,"F[0,0](((HR <= 0.000 | WBC <= 0.000) -> DBP <= 0.000))",1,0.1
717,"F[0,0]((Calcium >= 0.000 & Creatinine >= 0.000))",1,0.1
632,"G[0,0]((((Lactate <= 0.000 & Bilirubin_total >= 0.000) & pH >= 0.000) & Alkalinephos <= 0.000))",1,0.1
625,"G[0,0]((PTT >= 0.000 & Resp <= 0.000))",1,0.1
630,"G[0,0](((SepsisLabel <= 0.000 | DBP >= 0.000) & Platelets <= 0.000))",1,0.1
537,"F[0,0](((Alkalinephos <= 0.000 & Hgb >= 0.000) & BUN <= 0.000))",1,0.1
539,"G[0,0]((((HCO3 <= 0.000 | Fibrinogen >= 0.000) -> AST <= 0.000) & Lactate <= 0.000))",1,0.1
540,"F[0,0]((((WBC >= 0.000 -> MAP >= 0.000) | Hgb <= 0.000) & Magnesium >= 0.000))",1,0.1
541,"G[0,0](((BaseExcess <= 0.000 | HR <= 0.000) -> EtCO2 <= 0.000))",1,0.1
542,"G[0,0](((HR >= 0.000 | Resp >= 0.000) | Phosphate <= 0.000))",1,0.1
543,"G[0,0](((EtCO2 >= 0.000 | AST >= 0.000) | Resp >= 0.000))",1,0.1
544,"G[0,0]((((Glucose >= 0.000 & SBP <= 0.000) -> Bilirubin_total >= 0.000) | SepsisLabel <= 0.000))",1,0.1
545,"G[0,0]((AST >= 0.000 & AST >= 0.000))",1,0.1
546,"G[0,0](((Calcium <= 0.000 -> Alkalinephos <= 0.000) | PTT <= 0.000))",1,0.1
547,"G[0,0]((((Phosphate >= 0.000 -> Chloride <= 0.000) & BUN <= 0.000) | O2Sat >= 0.000))",1,0.1
548,"G[0,0]((((AST <= 0.000 & AST <= 0.000) | Temp >= 0.000) -> BaseExcess >= 0.000))",1,0.1
549,"G[0,0](((Glucose >= 0.000 -> Calcium >= 0.000) & MAP >= 0.000))",1,0.1
550,"G[0,0]((((PaCO2 <= 0.000 | DBP >= 0.000) -> Glucose <= 0.000) -> Magnesium >= 0.000))",1,0.1
552,"G[0,0]((((SBP >= 0.000 -> Bilirubin_total <= 0.000) -> Hct >= 0.000) | HR <= 0.000))",1,0.1
553,"G[0,0](((pH >= 0.000 & HR >= 0.000) | Bilirubin_direct <= 0.000))",1,0.1
554,"G[0,0]((((AST >= 0.000 | Fibrinogen <= 0.000) | SBP >= 0.000) | EtCO2 >= 0.000))",1,0.1
555,"G[0,0](((Chloride <= 0.000 & WBC <= 0.000) -> BaseExcess <= 0.000))",1,0.1
556,"G[0,0]((SaO2 <= 0.000 | BaseExcess <= 0.000))",1,0.1
557,"G[0,0]((Hct >= 0.000 | Hgb <= 0.000))",1,0.1
558,"G[0,0]((((PaCO2 >= 0.000 & Temp >= 0.000) & BUN >= 0.000) -> Magnesium >= 0.000))",1,0.1
559,"G[0,0]((Temp < 0.000 -> SepsisLabel = 0.000))",1,0.1
560,"F[0,0](((Phosphate <= 0.000 | WBC <= 0.000) -> WBC >= 0.000))",1,0.1
561,"G[0,0]((TroponinI >= 0.000 & SepsisLabel = 0.000))",1,0.1
563,"((FiO2 <= 0.000) U[0,0] (pH >= 0.000))",1,0.1
564,"F[0,0]((((SBP >= 0.000 & Temp <= 0.000) -> DBP <= 0.000) & TroponinI >= 0.000))",1,0.1
565,"((Bilirubin_direct > 0.000) U[0,0] (SepsisLabel = 0.000))",1,0.1
566,"F[0,0]((PTT < 0.000 & SepsisLabel = 0.000))",1,0.1
567,"F[0,0]((((MAP >= 0.000 -> WBC >= 0.000) & Hct >= 0.000) | SaO2 >= 0.000))",1,0.1
538,"G[0,0](((Alkalinephos >= 0.000 | Fibrinogen >= 0.000) -> Phosphate >= 0.000))",1,0.1
536,"G[0,0]((((Alkalinephos <= 0.000 & PaCO2 >= 0.000) & PTT >= 0.000) | AST <= 0.000))",1,0.1
629,"G[0,0](((O2Sat <= 0.000 -> SaO2 <= 0.000) -> Chloride <= 0.000))",1,0.1
535,"F[0,0](((Glucose >= 0.000 | HR >= 0.000) & Creatinine >= 0.000))",1,0.1
507,"G[0,0]((Creatinine <= 0.000 | Resp >= 0.000))",1,0.1
508,"G[0,0]((AST <= 0.000 -> Bilirubin_total <= 0.000))",1,0.1
509,"G[0,0]((Creatinine >= 0.000 -> Potassium <= 0.000))",1,0.1
510,"G[0,0](((Creatinine >= 0.000 & Resp >= 0.000) -> HCO3 <= 0.000))",1,0.1
511,"G[0,0]((((Hct <= 0.000 & O2Sat <= 0.000) -> SBP >= 0.000) -> HR >= 0.000))",1,0.1
512,"((O2Sat >= 0.000) U[0,0] (PTT >= 0.000))",1,0.1
513,"F[0,0](((SBP <= 0.000 | Hgb <= 0.000) -> pH >= 0.000))",1,0.1
514,"((BaseExcess <= 0.000) U[0,0] (AST >= 0.000))",1,0.1
515,"((Bilirubin_total <= 0.000) U[0,0] (Glucose >= 0.000))",1,0.1
517,"F[0,0]((TroponinI >= 0.000 & Platelets >= 0.000))",1,0.1
518,"((Hct <= 0.000) U[0,0] (Magnesium >= 0.000))",1,0.1
519,"G[0,0](((EtCO2 <= 0.000 & Hct <= 0.000) & PTT <= 0.000))",1,0.1
520,"G[0,0]((Alkalinephos >= 0.000 -> Platelets <= 0.000))",1,0.1
521,"G[0,0]((BUN <= 0.000 & PTT <= 0.000))",1,0.1
522,"G[0,0](((PTT <= 0.000 -> Temp <= 0.000) -> Glucose <= 0.000))",1,0.1
523,"G[0,0]((Magnesium <= 0.000 & TroponinI >= 0.000))",1,0.1
524,"G[0,0]((Phosphate <= 0.000 & SepsisLabel = 0.000))",1,0.1
525,"((BaseExcess <= 0.000) U[0,0] (BUN >= 0.000))",1,0.1
526,"F[0,0](((Chloride <= 0.000 -> Glucose <= 0.000) & WBC >= 0.000))",1,0.1
527,"F[0,0](((TroponinI >= 0.000 -> WBC >= 0.000) | Calcium >= 0.000))",1,0.1
528,"F[0,0]((((SepsisLabel >= 0.000 | HCO3 >= 0.000) | EtCO2 >= 0.000) -> Magnesium >= 0.000))",1,0.1
529,"F[0,0]((((Hct <= 0.000 -> HCO3 >= 0.000) & Phosphate <= 0.000) | Creatinine >= 0.000))",1,0.1
530,"((Platelets <= 0.000) U[0,0] (Magnesium >= 0.000))",1,0.1
531,"F[0,0](((Calcium <= 0.000 | Hgb <= 0.000) -> AST >= 0.000))",1,0.1
532,"F[0,0](((Alkalinephos <= 0.000 & Potassium >= 0.000) | Platelets >= 0.000))",1,0.1
533,"G[0,0](((Fibrinogen >= 0.000 | Glucose >= 0.000) | pH >= 0.000))",1,0.1
534,"G[0,0]((EtCO2 <= 0.000 | DBP >= 0.000))",1,0.1
568,"((Bilirubin_total < 0.000) U[0,0] (SepsisLabel = 0.000))",1,0.1
569,"F[0,0]((((Platelets >= 0.000 | Resp >= 0.000) & SaO2 <= 0.000) & O2Sat <= 0.000))",1,0.1
570,"F[0,0](((BUN >= 0.000 & HCO3 >= 0.000) & Resp <= 0.000))",1,0.1
571,"F[0,0](((SBP >= 0.000 | Creatinine >= 0.000) & HCO3 >= 0.000))",1,0.1
602,"G[0,0]((DBP <= 0.000 | Lactate >= 0.000))",1,0.1
603,"G[0,0](((Calcium >= 0.000 | Alkalinephos >= 0.000) -> Glucose >= 0.000))",1,0.1
604,"G[0,0]((((Temp <= 0.000 -> Chloride >= 0.000) -> WBC >= 0.000) | WBC <= 0.000))",1,0.1
605,"G[0,0](((PaCO2 <= 0.000 | EtCO2 >= 0.000) | Potassium >= 0.000))",1,0.1
606,"G[0,0]((((HCO3 <= 0.000 -> SepsisLabel >= 0.000) -> HCO3 >= 0.000) & Calcium <= 0.000))",1,0.1
607,"G[0,0]((((Alkalinephos <= 0.000 | Glucose >= 0.000) | Bilirubin_direct >= 0.000) & Temp <= 0.000))",1,0.1
608,"G[0,0]((((SaO2 >= 0.000 & AST <= 0.000) | TroponinI >= 0.000) | BaseExcess >= 0.000))",1,0.1
609,"G[0,0](((HR >= 0.000 | Phosphate >= 0.000) & BaseExcess <= 0.000))",1,0.1
610,"G[0,0]((((Glucose >= 0.000 -> O2Sat >= 0.000) | EtCO2 <= 0.000) & HCO3 <= 0.000))",1,0.1
611,"G[0,0]((((EtCO2 >= 0.000 | Magnesium >= 0.000) & Glucose >= 0.000) | Bilirubin_total <= 0.000))",1,0.1
612,"F[0,0]((((HCO3 >= 0.000 | Chloride <= 0.000) & Chloride <= 0.000) -> Calcium >= 0.000))",1,0.1
613,"((Hgb >= 0.000) U[0,0] (pH >= 0.000))",1,0.1
614,"((WBC >= 0.000) U[0,0] (SepsisLabel >= 0.000))",1,0.1
615,"((HCO3 >= 0.000) U[0,0] (Fibrinogen >= 0.000))",1,0.1
616,"((Hgb >= 0.000) U[0,0] (SepsisLabel = 0.000))",1,0.1
617,"F[0,0]((WBC >= 0.000 & SepsisLabel = 0.000))",1,0.1
618,"F[0,0](((HCO3 >= 0.000 | SBP >= 0.000) -> Temp >= 0.000))",1,0.1
619,"F[0,0](((Creatinine <= 0.000 | Hct <= 0.000) & pH >= 0.000))",1,0.1
620,"G[0,0]((((FiO2 <= 0.000 & HR <= 0.000) -> SBP <= 0.000) -> O2Sat >= 0.000))",1,0.1
621,"((Temp >= 0.000) U[0,0] (Platelets <= 0.000))",1,0.1
622,"G[0,0]((Lactate < 0.000 & SepsisLabel = 0.000))",1,0.1
623,"((Glucose <= 0.000) U[0,0] (HCO3 >= 0.000))",1,0.1
624,"G[0,0]((PaCO2 <= 0.000 & SepsisLabel = 0.000))",1,0.1
751,"F[0,0]((((O2Sat >= 0.000 | SBP <= 0.000) | Lactate <= 0.000) & Lactate >= 0.000))",1,0.1
626,"G[0,0]((((Potassium >= 0.000 -> EtCO2 >= 0.000) | Fibrinogen <= 0.000) & Lactate <= 0.000))",1,0.1
627,"G[0,0]((PaCO2 < 0.000 & SepsisLabel = 0.000))",1,0.1
628,"G[0,0]((Magnesium <= 0.000 -> Glucose <= 0.000))",1,0.1
601,"G[0,0](((HCO3 <= 0.000 & Chloride <= 0.000) | Creatinine <= 0.000))",1,0.1
600,"G[0,0](((HCO3 >= 0.000 -> Phosphate <= 0.000) -> EtCO2 >= 0.000))",1,0.1
599,"G[0,0]((((HCO3 >= 0.000 & EtCO2 <= 0.000) -> AST >= 0.000) & Resp >= 0.000))",1,0.1
584,"G[0,0]((((HR <= 0.000 -> MAP <= 0.000) | Phosphate <= 0.000) & Creatinine <= 0.000))",1,0.1
572,"F[0,0]((Chloride >= 0.000 & Glucose <= 0.000))",1,0.1
573,"F[0,0]((((AST >= 0.000 -> Lactate >= 0.000) & Fibrinogen <= 0.000) & O2Sat <= 0.000))",1,0.1
574,"G[0,0](((Alkalinephos <= 0.000 & HR >= 0.000) | Fibrinogen <= 0.000))",1,0.1
575,"G[0,0](((SepsisLabel <= 0.000 -> Fibrinogen <= 0.000) | Platelets >= 0.000))",1,0.1
576,"G[0,0]((((SaO2 >= 0.000 | Lactate >= 0.000) & HR >= 0.000) & SBP >= 0.000))",1,0.1
577,"G[0,0](((Bilirubin_total <= 0.000 -> Magnesium <= 0.000) & AST >= 0.000))",1,0.1
578,"G[0,0](((Calcium >= 0.000 -> DBP <= 0.000) -> Bilirubin_direct >= 0.000))",1,0.1
579,"G[0,0]((EtCO2 >= 0.000 | FiO2 >= 0.000))",1,0.1
580,"G[0,0](((Lactate >= 0.000 & MAP >= 0.000) -> SaO2 <= 0.000))",1,0.1
581,"G[0,0]((HR <= 0.000 -> pH <= 0.000))",1,0.1
582,"G[0,0]((((DBP >= 0.000 -> WBC >= 0.000) -> HR <= 0.000) | Hct <= 0.000))",1,0.1
583,"G[0,0](((MAP >= 0.000 | Temp <= 0.000) -> MAP >= 0.000))",1,0.1
585,"G[0,0]((FiO2 >= 0.000 | pH <= 0.000))",1,0.1
598,"G[0,0](((FiO2 >= 0.000 & DBP <= 0.000) -> Potassium >= 0.000))",1,0.1
586,"G[0,0]((HR >= 0.000 | O2Sat <= 0.000))",1,0.1
587,"G[0,0](((Bilirubin_direct <= 0.000 | pH >= 0.000) | AST <= 0.000))",1,0.1
588,"G[0,0]((((Fibrinogen <= 0.000 | PaCO2 >= 0.000) | MAP <= 0.000) | Calcium <= 0.000))",1,0.1
589,"G[0,0]((((SepsisLabel >= 0.000 -> Calcium >= 0.000) | Bilirubin_direct <= 0.000) | WBC <= 0.000))",1,0.1
590,"G[0,0]((Creatinine >= 0.000 | BUN <= 0.000))",1,0.1
591,"G[0,0]((((SepsisLabel <= 0.000 | SaO2 <= 0.000) | Bilirubin_direct >= 0.000) & Magnesium >= 0.000))",1,0.1
592,"G[0,0](((Creatinine >= 0.000 -> SepsisLabel <= 0.000) | Glucose >= 0.000))",1,0.1
593,"G[0,0](((Platelets >= 0.000 -> Bilirubin_total >= 0.000) & pH >= 0.000))",1,0.1
594,"G[0,0]((Chloride <= 0.000 | DBP >= 0.000))",1,0.1
595,"G[0,0](((MAP <= 0.000 | Alkalinephos <= 0.000) & SepsisLabel <= 0.000))",1,0.1
596,"G[0,0](((BaseExcess >= 0.000 | PTT <= 0.000) | SepsisLabel <= 0.000))",1,0.1
597,"G[0,0]((((Potassium <= 0.000 & Calcium <= 0.000) | Glucose >= 0.000) & SepsisLabel <= 0.000))",1,0.1
750,"F[0,0](((HR <= 0.000 -> Phosphate >= 0.000) & MAP <= 0.000))",1,0.1
756,"G[0,0]((((HR <= 0.000 | PaCO2 <= 0.000) | PaCO2 >= 0.000) & Creatinine <= 0.000))",1,0.1
752,"F[0,0]((Bilirubin_total > 0.000 & SepsisLabel = 0.000))",1,0.1
907,"F[0,0]((Creatinine >= 0.000 | Fibrinogen >= 0.000))",1,0.1
909,"G[0,0]((((Glucose >= 0.000 -> Hct >= 0.000) -> PaCO2 >= 0.000) -> DBP <= 0.000))",1,0.1
910,"G[0,0]((((MAP >= 0.000 | Fibrinogen >= 0.000) -> Bilirubin_direct >= 0.000) | Fibrinogen <= 0.000))",1,0.1
911,"G[0,0](((Alkalinephos >= 0.000 -> WBC <= 0.000) | Phosphate <= 0.000))",1,0.1
912,"F[0,0]((Bilirubin_total < 0.000 & SepsisLabel = 0.000))",1,0.1
913,"F[0,0](((DBP <= 0.000 & Platelets <= 0.000) & HCO3 >= 0.000))",1,0.1
914,"G[0,0](((HR >= 0.000 -> Potassium >= 0.000) | Potassium <= 0.000))",1,0.1
915,"F[0,0]((pH <= 0.000 & PaCO2 >= 0.000))",1,0.1
916,"G[0,0](((Chloride >= 0.000 | PTT <= 0.000) | WBC >= 0.000))",1,0.1
917,"G[0,0]((((DBP <= 0.000 & MAP <= 0.000) & pH <= 0.000) | EtCO2 <= 0.000))",1,0.1
918,"G[0,0]((BUN <= 0.000 -> Creatinine <= 0.000))",1,0.1
919,"G[0,0]((Resp >= 0.000 | PTT >= 0.000))",1,0.1
920,"G[0,0](((Chloride >= 0.000 & FiO2 <= 0.000) -> Alkalinephos <= 0.000))",1,0.1
921,"G[0,0]((((Bilirubin_direct <= 0.000 & SaO2 >= 0.000) | Alkalinephos <= 0.000) & O2Sat >= 0.000))",1,0.1
922,"G[0,0]((((Magnesium >= 0.000 -> AST >= 0.000) -> Bilirubin_total >= 0.000) | O2Sat <= 0.000))",1,0.1
923,"G[0,0]((pH >= 0.000 -> SepsisLabel = 0.000))",1,0.1
924,"F[0,0]((((Magnesium >= 0.000 & PTT <= 0.000) | Hct <= 0.000) & TroponinI >= 0.000))",1,0.1
925,"F[0,0]((((SBP <= 0.000 -> HCO3 >= 0.000) & O2Sat <= 0.000) & Resp <= 0.000))",1,0.1
926,"F[0,0]((((pH >= 0.000 & SBP <= 0.000) | HR <= 0.000) -> HR >= 0.000))",1,0.1
927,"F[0,0]((Creatinine >= 0.000 | Hgb >= 0.000))",1,0.1
928,"G[0,0]((pH <= 0.000 | HCO3 >= 0.000))",1,0.1
929,"F[0,0](((DBP >= 0.000 -> PTT <= 0.000) & Temp <= 0.000))",1,0.1
930,"G[0,0](((PaCO2 <= 0.000 | HR >= 0.000) | O2Sat <= 0.000))",1,0.1
931,"F[0,0]((((DBP <= 0.000 -> Magnesium <= 0.000) & Fibrinogen >= 0.000) & HR >= 0.000))",1,0.1
932,"G[0,0](((Hct >= 0.000 | MAP <= 0.000) -> Temp <= 0.000))",1,0.1
933,"F[0,0]((((Potassium <= 0.000 -> PTT >= 0.000) & Bilirubin_total >= 0.000) & Alkalinephos <= 0.000))",1,0.1
934,"((O2Sat >= 0.000) U[0,0] (Temp <= 0.000))",1,0.1
935,"F[0,0](((Magnesium >= 0.000 & pH >= 0.000) & Temp <= 0.000))",1,0.1
908,"F[0,0]((((Chloride >= 0.000 -> Hct >= 0.000) -> Bilirubin_total <= 0.000) -> Glucose >= 0.000))",1,0.1
906,"((Fibrinogen >= 0.000) U[0,0] (FiO2 <= 0.000))",1,0.1
937,"F[0,0]((((Hgb <= 0.000 -> SBP <= 0.000) | Phosphate >= 0.000) -> Chloride >= 0.000))",1,0.1
905,"F[0,0]((((HR <= 0.000 & SepsisLabel <= 0.000) & HCO3 >= 0.000) | DBP <= 0.000))",1,0.1
878,"G[0,0]((((HR >= 0.000 | SBP >= 0.000) & HCO3 <= 0.000) & PaCO2 <= 0.000))",1,0.1
879,"G[0,0]((((HR >= 0.000 | Lactate <= 0.000) | FiO2 >= 0.000) -> SBP >= 0.000))",1,0.1
880,"F[0,0]((((Chloride <= 0.000 -> Potassium <= 0.000) -> TroponinI >= 0.000) & SepsisLabel <= 0.000))",1,0.1
881,"G[0,0]((((BUN >= 0.000 -> Magnesium >= 0.000) & Hct >= 0.000) -> Creatinine >= 0.000))",1,0.1
882,"F[0,0]((((Glucose <= 0.000 -> Potassium <= 0.000) & O2Sat <= 0.000) & DBP <= 0.000))",1,0.1
883,"G[0,0]((HR >= 0.000 | Phosphate >= 0.000))",1,0.1
884,"F[0,0](((Potassium >= 0.000 & SBP <= 0.000) | Phosphate >= 0.000))",1,0.1
885,"((Calcium <= 0.000) U[0,0] (HCO3 >= 0.000))",1,0.1
886,"G[0,0]((((EtCO2 <= 0.000 & EtCO2 >= 0.000) & PTT <= 0.000) & AST >= 0.000))",1,0.1
887,"((Hgb >= 0.000) U[0,0] (Resp <= 0.000))",1,0.1
888,"G[0,0]((Potassium > 0.000 -> SepsisLabel = 0.000))",1,0.1
889,"((Chloride >= 0.000) U[0,0] (Platelets <= 0.000))",1,0.1
890,"F[0,0](((Resp <= 0.000 -> HCO3 >= 0.000) & pH <= 0.000))",1,0.1
891,"G[0,0]((((FiO2 <= 0.000 -> Phosphate >= 0.000) -> BUN <= 0.000) | Lactate >= 0.000))",1,0.1
892,"G[0,0](((BUN <= 0.000 -> Glucose >= 0.000) -> SBP <= 0.000))",1,0.1
893,"G[0,0]((Calcium >= 0.000 -> Magnesium <= 0.000))",1,0.1
894,"F[0,0]((((FiO2 >= 0.000 -> Temp >= 0.000) | BaseExcess <= 0.000) -> DBP <= 0.000))",1,0.1
895,"((Hgb >= 0.000) U[0,0] (Platelets >= 0.000))",1,0.1
896,"((FiO2 >= 0.000) U[0,0] (Magnesium >= 0.000))",1,0.1
897,"F[0,0]((((Glucose >= 0.000 -> SepsisLabel >= 0.000) -> PTT <= 0.000) -> PaCO2 >= 0.000))",1,0.1
898,"G[0,0](((Chloride >= 0.000 & Creatinine >= 0.000) -> MAP <= 0.000))",1,0.1
899,"G[0,0]((((FiO2 >= 0.000 -> pH >= 0.000) -> Alkalinephos <= 0.000) & Platelets <= 0.000))",1,0.1
900,"G[0,0](((Hgb <= 0.000 | Potassium >= 0.000) & Calcium <= 0.000))",1,0.1
901,"G[0,0](((Fibrinogen <= 0.000 -> O2Sat <= 0.000) -> BaseExcess >= 0.000))",1,0.1
902,"G[0,0](((TroponinI <= 0.000 | PTT >= 0.000) & Platelets <= 0.000))",1,0.1
903,"F[0,0]((((BUN <= 0.000 | HCO3 <= 0.000) | Bilirubin_direct >= 0.000) -> Chloride >= 0.000))",1,0.1
904,"((Creatinine >= 0.000) U[0,0] (HCO3 <= 0.000))",1,0.1
936,"F[0,0]((((Hgb <= 0.000 | Magnesium >= 0.000) | PTT >= 0.000) & Temp <= 0.000))",1,0.1
938,"((BUN >= 0.000) U[0,0] (Lactate >= 0.000))",1,0.1
876,"G[0,0](((Temp >= 0.000 & Alkalinephos >= 0.000) | Magnesium <= 0.000))",1,0.1
969,"G[0,0]((((SepsisLabel >= 0.000 | Lactate >= 0.000) & Hgb <= 0.000) | Creatinine >= 0.000))",1,0.1
971,"G[0,0](((Bilirubin_total <= 0.000 | WBC >= 0.000) | Bilirubin_total <= 0.000))",1,0.1
972,"G[0,0]((((BaseExcess <= 0.000 & Bilirubin_total >= 0.000) & Bilirubin_total >= 0.000) -> BUN >= 0.000))",1,0.1
973,"G[0,0]((Fibrinogen <= 0.000 | SBP <= 0.000))",1,0.1
974,"G[0,0]((((Bilirubin_total <= 0.000 | DBP <= 0.000) & WBC <= 0.000) | Chloride <= 0.000))",1,0.1
975,"G[0,0]((((Hct <= 0.000 | SaO2 <= 0.000) -> Hgb <= 0.000) -> Phosphate <= 0.000))",1,0.1
976,"G[0,0](((pH >= 0.000 | WBC >= 0.000) | BaseExcess <= 0.000))",1,0.1
977,"G[0,0](((Resp <= 0.000 & Resp <= 0.000) | Resp >= 0.000))",1,0.1
978,"G[0,0](((Magnesium <= 0.000 -> PaCO2 <= 0.000) & Lactate <= 0.000))",1,0.1
979,"G[0,0]((((Glucose >= 0.000 & SaO2 <= 0.000) | PaCO2 <= 0.000) -> PaCO2 <= 0.000))",1,0.1
980,"G[0,0](((Hct <= 0.000 | Chloride >= 0.000) | Calcium <= 0.000))",1,0.1
981,"G[0,0]((((Glucose >= 0.000 | MAP <= 0.000) & MAP <= 0.000) | Phosphate <= 0.000))",1,0.1
982,"G[0,0]((((MAP >= 0.000 | Platelets <= 0.000) -> FiO2 <= 0.000) & Temp <= 0.000))",1,0.1
983,"G[0,0](((BaseExcess >= 0.000 | HR >= 0.000) | Resp >= 0.000))",1,0.1
984,"G[0,0](((MAP >= 0.000 & PaCO2 <= 0.000) | PTT <= 0.000))",1,0.1
985,"G[0,0]((Alkalinephos >= 0.000 & TroponinI >= 0.000))",1,0.1
986,"G[0,0]((((Hct <= 0.000 -> Lactate <= 0.000) -> Phosphate >= 0.000) -> Bilirubin_direct <= 0.000))",1,0.1
987,"G[0,0]((((AST <= 0.000 & HCO3 >= 0.000) -> BUN >= 0.000) | Platelets <= 0.000))",1,0.1
988,"G[0,0]((Lactate >= 0.000 -> Potassium >= 0.000))",1,0.1
989,"G[0,0]((BaseExcess <= 0.000 -> WBC <= 0.000))",1,0.1
990,"G[0,0]((((BUN <= 0.000 & WBC <= 0.000) -> WBC >= 0.000) -> FiO2 >= 0.000))",1,0.1
991,"G[0,0](((DBP <= 0.000 & EtCO2 >= 0.000) & Lactate <= 0.000))",1,0.1
992,"G[0,0]((pH <= 0.000 | Potassium <= 0.000))",1,0.1
993,"F[0,0]((Alkalinephos <= 0.000 & BaseExcess <= 0.000))",1,0.1
994,"((FiO2 >= 0.000) U[0,0] (WBC >= 0.000))",1,0.1
995,"F[0,0](((FiO2 <= 0.000 & Temp >= 0.000) & Glucose >= 0.000))",1,0.1
996,"F[0,0](((FiO2 >= 0.000 -> SBP <= 0.000) -> SaO2 >= 0.000))",1,0.1
997,"G[0,0]((MAP >= 0.000 -> Resp <= 0.000))",1,0.1
970,"G[0,0]((((Hgb >= 0.000 | Lactate <= 0.000) -> Lactate >= 0.000) | Bilirubin_direct <= 0.000))",1,0.1
968,"G[0,0](((Creatinine >= 0.000 -> O2Sat <= 0.000) -> Lactate <= 0.000))",1,0.1
939,"F[0,0](((SaO2 <= 0.000 | Bilirubin_direct >= 0.000) & O2Sat <= 0.000))",1,0.1
967,"G[0,0]((PTT <= 0.000 | Phosphate <= 0.000))",1,0.1
940,"F[0,0](((Platelets <= 0.000 -> SBP <= 0.000) & Potassium >= 0.000))",1,0.1
941,"F[0,0]((Creatinine >= 0.000 & HR <= 0.000))",1,0.1
942,"((Fibrinogen > 0.000) U[0,0] (SepsisLabel = 0.000))",1,0.1
943,"((BUN <= 0.000) U[0,0] (Potassium >= 0.000))",1,0.1
944,"F[0,0]((((Hgb <= 0.000 -> Potassium <= 0.000) | Lactate <= 0.000) -> EtCO2 >= 0.000))",1,0.1
945,"G[0,0]((((Hct <= 0.000 -> HR <= 0.000) | O2Sat <= 0.000) | Alkalinephos <= 0.000))",1,0.1
946,"F[0,0]((((HCO3 <= 0.000 -> DBP >= 0.000) & SBP <= 0.000) & Magnesium <= 0.000))",1,0.1
947,"F[0,0](((Hgb >= 0.000 & HCO3 <= 0.000) | SepsisLabel >= 0.000))",1,0.1
948,"G[0,0](((HCO3 >= 0.000 & Lactate >= 0.000) -> Lactate >= 0.000))",1,0.1
949,"F[0,0]((SaO2 >= 0.000 & WBC >= 0.000))",1,0.1
950,"G[0,0]((((BaseExcess <= 0.000 & Lactate >= 0.000) -> SBP <= 0.000) & Lactate <= 0.000))",1,0.1
951,"G[0,0]((((HCO3 <= 0.000 -> Resp <= 0.000) -> Lactate <= 0.000) | WBC >= 0.000))",1,0.1
952,"G[0,0]((FiO2 <= 0.000 -> Hct <= 0.000))",1,0.1
953,"G[0,0]((((BUN >= 0.000 -> Hct >= 0.000) & TroponinI <= 0.000) & FiO2 <= 0.000))",1,0.1
954,"G[0,0](((Creatinine <= 0.000 | DBP >= 0.000) -> PaCO2 <= 0.000))",1,0.1
955,"G[0,0]((Magnesium >= 0.000 -> SepsisLabel = 0.000))",1,0.1
956,"G[0,0](((HCO3 <= 0.000 | Potassium >= 0.000) | PTT >= 0.000))",1,0.1
957,"G[0,0]((PTT <= 0.000 -> SepsisLabel = 0.000))",1,0.1
958,"G[0,0]((((Creatinine <= 0.000 | pH >= 0.000) | AST >= 0.000) & Alkalinephos <= 0.000))",1,0.1
959,"G[0,0]((((Creatinine >= 0.000 & pH <= 0.000) & SaO2 <= 0.000) -> Platelets >= 0.000))",1,0.1
960,"G[0,0]((((Chloride >= 0.000 & Platelets <= 0.000) | Temp <= 0.000) -> Calcium <= 0.000))",1,0.1
961,"G[0,0]((MAP <= 0.000 | PTT <= 0.000))",1,0.1
962,"G[0,0]((((PaCO2 <= 0.000 -> SaO2 <= 0.000) & BaseExcess <= 0.000) & HCO3 <= 0.000))",1,0.1
963,"G[0,0]((Hct <= 0.000 & WBC <= 0.000))",1,0.1
964,"G[0,0](((BUN <= 0.000 -> HCO3 <= 0.000) -> MAP >= 0.000))",1,0.1
965,"G[0,0]((((Hgb <= 0.000 -> Platelets <= 0.000) & DBP <= 0.000) | Bilirubin_total <= 0.000))",1,0.1
966,"G[0,0]((Alkalinephos >= 0.000 | Hgb <= 0.000))",1,0.1
877,"G[0,0]((((Calcium <= 0.000 & FiO2 <= 0.000) -> O2Sat >= 0.000) & O2Sat >= 0.000))",1,0.1
875,"G[0,0]((Creatinine <= 0.000 | SaO2 >= 0.000))",1,0.1
753,"G[0,0](((Lactate <= 0.000 | SBP <= 0.000) | HCO3 <= 0.000))",1,0.1
783,"G[0,0]((((BaseExcess >= 0.000 -> Potassium >= 0.000) | Hgb >= 0.000) -> Fibrinogen <= 0.000))",1,0.1
785,"G[0,0]((PTT >= 0.000 & SepsisLabel <= 0.000))",1,0.1
786,"G[0,0]((((Potassium >= 0.000 -> Phosphate <= 0.000) -> Potassium >= 0.000) -> Bilirubin_direct <= 0.000))",1,0.1
787,"F[0,0](((HR >= 0.000 & Lactate >= 0.000) & O2Sat <= 0.000))",1,0.1
788,"G[0,0]((HCO3 <= 0.000 | SBP <= 0.000))",1,0.1
789,"G[0,0]((((Glucose <= 0.000 -> Potassium <= 0.000) & pH >= 0.000) -> Platelets <= 0.000))",1,0.1
790,"F[0,0]((DBP >= 0.000 -> Platelets >= 0.000))",1,0.1
791,"((Hct >= 0.000) U[0,0] (WBC <= 0.000))",1,0.1
792,"F[0,0](((Alkalinephos >= 0.000 | Chloride <= 0.000) -> SBP <= 0.000))",1,0.1
793,"((Glucose >= 0.000) U[0,0] (Alkalinephos <= 0.000))",1,0.1
794,"F[0,0]((((pH <= 0.000 | Phosphate <= 0.000) & MAP <= 0.000) & FiO2 <= 0.000))",1,0.1
795,"F[0,0]((((BaseExcess <= 0.000 | BUN >= 0.000) & Glucose >= 0.000) & Calcium >= 0.000))",1,0.1
796,"((HCO3 >= 0.000) U[0,0] (Temp >= 0.000))",1,0.1
797,"F[0,0](((Creatinine >= 0.000 | Hgb <= 0.000) -> Phosphate >= 0.000))",1,0.1
798,"F[0,0]((Hct >= 0.000 | Platelets >= 0.000))",1,0.1
799,"F[0,0]((((DBP >= 0.000 -> HCO3 <= 0.000) & SBP >= 0.000) & PaCO2 >= 0.000))",1,0.1
800,"F[0,0](((PaCO2 <= 0.000 -> Phosphate <= 0.000) & BUN >= 0.000))",1,0.1
801,"F[0,0]((((DBP >= 0.000 -> MAP >= 0.000) & Platelets >= 0.000) & Platelets >= 0.000))",1,0.1
802,"F[0,0]((WBC >= 0.000 & Calcium <= 0.000))",1,0.1
803,"F[0,0]((Magnesium >= 0.000 & SepsisLabel = 0.000))",1,0.1
804,"G[0,0]((((Calcium <= 0.000 -> Lactate >= 0.000) | Resp <= 0.000) -> PaCO2 <= 0.000))",1,0.1
805,"G[0,0]((((WBC <= 0.000 -> O2Sat >= 0.000) & Lactate <= 0.000) -> Platelets <= 0.000))",1,0.1
806,"G[0,0](((Chloride >= 0.000 & Lactate >= 0.000) -> PTT >= 0.000))",1,0.1
807,"G[0,0](((Hct <= 0.000 & Phosphate >= 0.000) -> Chloride <= 0.000))",1,0.1
808,"((Temp >= 0.000) U[0,0] (SepsisLabel = 0.000))",1,0.1
809,"G[0,0]((((FiO2 >= 0.000 & Bilirubin_total <= 0.000) -> PTT >= 0.000) | Bilirubin_direct <= 0.000))",1,0.1
810,"((HCO3 > 0.000) U[0,0] (SepsisLabel = 0.000))",1,0.1
811,"F[0,0]((AST < 0.000 & SepsisLabel = 0.000))",1,0.1
784,"G[0,0]((Hgb <= 0.000 -> Fibrinogen <= 0.000))",1,0.1
782,"G[0,0]((Temp >= 0.000 -> SepsisLabel = 0.000))",1,0.1
813,"((Magnesium > 0.000) U[0,0] (SepsisLabel = 0.000))",1,0.1
781,"G[0,0]((Chloride <= 0.000 -> Creatinine <= 0.000))",1,0.1
754,"G[0,0](((Chloride <= 0.000 & Platelets >= 0.000) | PaCO2 <= 0.000))",1,0.1
755,"G[0,0]((((DBP <= 0.000 | PTT >= 0.000) | Magnesium <= 0.000) & Magnesium >= 0.000))",1,0.1
505,"G[0,0]((((BUN >= 0.000 | Creatinine >= 0.000) & PaCO2 <= 0.000) -> Alkalinephos <= 0.000))",1,0.1
757,"G[0,0]((((TroponinI >= 0.000 | HCO3 >= 0.000) | Alkalinephos >= 0.000) | BUN >= 0.000))",1,0.1
758,"G[0,0](((Creatinine >= 0.000 | pH >= 0.000) -> Magnesium <= 0.000))",1,0.1
759,"G[0,0]((SBP >= 0.000 | Bilirubin_direct >= 0.000))",1,0.1
760,"G[0,0]((((Glucose >= 0.000 & O2Sat >= 0.000) -> Potassium >= 0.000) | MAP <= 0.000))",1,0.1
761,"G[0,0]((Hgb <= 0.000 | Alkalinephos >= 0.000))",1,0.1
762,"G[0,0]((((Chloride <= 0.000 | Glucose >= 0.000) -> Hct <= 0.000) | PTT <= 0.000))",1,0.1
763,"G[0,0]((((Phosphate <= 0.000 & Potassium >= 0.000) -> Fibrinogen >= 0.000) -> SepsisLabel <= 0.000))",1,0.1
764,"G[0,0]((WBC > 0.000 -> SepsisLabel = 0.000))",1,0.1
765,"G[0,0](((pH >= 0.000 & Temp >= 0.000) -> SaO2 <= 0.000))",1,0.1
766,"G[0,0]((EtCO2 > 0.000 -> SepsisLabel = 0.000))",1,0.1
767,"G[0,0]((HR <= 0.000 -> SepsisLabel = 0.000))",1,0.1
768,"G[0,0](((Hgb <= 0.000 & WBC >= 0.000) | Bilirubin_direct <= 0.000))",1,0.1
769,"G[0,0]((((Glucose >= 0.000 -> Magnesium >= 0.000) | AST >= 0.000) | SepsisLabel >= 0.000))",1,0.1
770,"G[0,0](((pH <= 0.000 -> SBP <= 0.000) | SBP >= 0.000))",1,0.1
771,"G[0,0]((SaO2 >= 0.000 & EtCO2 >= 0.000))",1,0.1
772,"G[0,0]((FiO2 >= 0.000 | Alkalinephos >= 0.000))",1,0.1
773,"G[0,0]((((SaO2 >= 0.000 -> SBP <= 0.000) & Temp <= 0.000) | WBC <= 0.000))",1,0.1
774,"G[0,0](((BUN <= 0.000 -> SBP <= 0.000) | O2Sat >= 0.000))",1,0.1
775,"F[0,0]((BUN <= 0.000 & Platelets >= 0.000))",1,0.1
776,"G[0,0]((((Fibrinogen >= 0.000 | Magnesium >= 0.000) & Creatinine >= 0.000) | Platelets <= 0.000))",1,0.1
777,"G[0,0](((Calcium >= 0.000 & Resp <= 0.000) -> SaO2 <= 0.000))",1,0.1
778,"G[0,0]((HR >= 0.000 & O2Sat >= 0.000))",1,0.1
779,"G[0,0](((EtCO2 <= 0.000 & SaO2 <= 0.000) | SaO2 <= 0.000))",1,0.1
780,"G[0,0](((HCO3 >= 0.000 | Lactate >= 0.000) | HCO3 <= 0.000))",1,0.1
812,"F[0,0]((Phosphate <= 0.000 & SepsisLabel = 0.000))",1,0.1
814,"G[0,0](((Resp >= 0.000 & WBC <= 0.000) | Creatinine <= 0.000))",1,0.1
874,"F[0,0]((((pH <= 0.000 & SepsisLabel <= 0.000) -> HCO3 <= 0.000) -> SaO2 >= 0.000))",1,0.1
845,"G[0,0]((Glucose <= 0.000 | PTT <= 0.000))",1,0.1
847,"F[0,0](((WBC <= 0.000 | Potassium <= 0.000) -> EtCO2 >= 0.000))",1,0.1
848,"G[0,0]((Hct <= 0.000 -> SBP <= 0.000))",1,0.1
849,"G[0,0](((Glucose <= 0.000 | Magnesium <= 0.000) | pH >= 0.000))",1,0.1
850,"F[0,0]((pH <= 0.000 & Platelets >= 0.000))",1,0.1
851,"G[0,0]((Glucose <= 0.000 | SaO2 <= 0.000))",1,0.1
852,"G[0,0]((Platelets <= 0.000 & Resp <= 0.000))",1,0.1
853,"F[0,0](((Hgb >= 0.000 | HR >= 0.000) -> Potassium >= 0.000))",1,0.1
854,"((Chloride >= 0.000) U[0,0] (Resp >= 0.000))",1,0.1
855,"G[0,0]((((DBP <= 0.000 | SepsisLabel <= 0.000) | HCO3 >= 0.000) -> Fibrinogen <= 0.000))",1,0.1
856,"G[0,0]((Glucose <= 0.000 -> O2Sat >= 0.000))",1,0.1
857,"F[0,0](((PaCO2 <= 0.000 & SaO2 >= 0.000) & Temp >= 0.000))",1,0.1
858,"G[0,0](((HCO3 <= 0.000 -> Hct >= 0.000) -> Fibrinogen <= 0.000))",1,0.1
859,"((FiO2 <= 0.000) U[0,0] (SepsisLabel >= 0.000))",1,0.1
860,"((Lactate >= 0.000) U[0,0] (SepsisLabel >= 0.000))",1,0.1
861,"G[0,0](((Creatinine <= 0.000 -> WBC >= 0.000) -> Platelets >= 0.000))",1,0.1
862,"G[0,0]((Chloride >= 0.000 | Resp <= 0.000))",1,0.1
863,"G[0,0]((Fibrinogen >= 0.000 -> SepsisLabel = 0.000))",1,0.1
864,"G[0,0]((SepsisLabel >= 0.000 | Glucose <= 0.000))",1,0.1
865,"G[0,0]((Glucose <= 0.000 | SBP >= 0.000))",1,0.1
866,"F[0,0](((Resp <= 0.000 & Platelets <= 0.000) & BUN >= 0.000))",1,0.1
867,"G[0,0](((DBP <= 0.000 -> FiO2 <= 0.000) & Fibrinogen <= 0.000))",1,0.1
868,"G[0,0]((Magnesium >= 0.000 -> Temp <= 0.000))",1,0.1
869,"((FiO2 <= 0.000) U[0,0] (HCO3 >= 0.000))",1,0.1
870,"G[0,0]((BUN >= 0.000 -> Potassium <= 0.000))",1,0.1
871,"F[0,0]((((Chloride >= 0.000 -> Fibrinogen <= 0.000) & BUN <= 0.000) -> Platelets >= 0.000))",1,0.1
872,"F[0,0](((BaseExcess >= 0.000 | SaO2 >= 0.000) & MAP <= 0.000))",1,0.1
873,"((Phosphate >= 0.000) U[0,0] (Potassium <= 0.000))",1,0.1
846,"G[0,0]((((Magnesium <= 0.000 | HR >= 0.000) & Lactate <= 0.000) & pH <= 0.000))",1,0.1
844,"G[0,0]((((Calcium <= 0.000 & Lactate >= 0.000) & PTT >= 0.000) -> O2Sat <= 0.000))",1,0.1
815,"((PaCO2 < 0.000) U[0,0] (SepsisLabel = 0.000))",1,0.1
843,"G[0,0](((SepsisLabel >= 0.000 | SaO2 >= 0.000) -> PTT <= 0.000))",1,0.1
816,"((DBP <= 0.000) U[0,0] (SepsisLabel = 0.000))",1,0.1
817,"((Lactate < 0.000) U[0,0] (SepsisLabel = 0.000))",1,0.1
818,"((Resp > 0.000) U[0,0] (SepsisLabel = 0.000))",1,0.1
819,"((O2Sat < 0.000) U[0,0] (SepsisLabel = 0.000))",1,0.1
820,"F[0,0](((Fibrinogen >= 0.000 -> Resp >= 0.000) & EtCO2 >= 0.000))",1,0.1
821,"F[0,0](((Resp >= 0.000 & SBP >= 0.000) & FiO2 >= 0.000))",1,0.1
822,"F[0,0]((((FiO2 <= 0.000 & SaO2 <= 0.000) | AST <= 0.000) & Phosphate >= 0.000))",1,0.1
823,"G[0,0]((((BaseExcess <= 0.000 & Calcium <= 0.000) | Lactate <= 0.000) | Bilirubin_total >= 0.000))",1,0.1
824,"G[0,0]((((BaseExcess <= 0.000 & TroponinI <= 0.000) | HR <= 0.000) -> EtCO2 <= 0.000))",1,0.1
825,"G[0,0]((((DBP >= 0.000 -> MAP <= 0.000) | WBC <= 0.000) | BUN >= 0.000))",1,0.1
826,"G[0,0]((((Chloride <= 0.000 -> Glucose >= 0.000) & AST <= 0.000) -> MAP <= 0.000))",1,0.1
827,"G[0,0](((Creatinine <= 0.000 | PaCO2 <= 0.000) | PTT >= 0.000))",1,0.1
828,"G[0,0]((((O2Sat >= 0.000 & Phosphate >= 0.000) -> EtCO2 <= 0.000) | TroponinI <= 0.000))",1,0.1
829,"G[0,0]((((pH <= 0.000 & Fibrinogen >= 0.000) -> O2Sat >= 0.000) & Potassium <= 0.000))",1,0.1
830,"G[0,0]((((BaseExcess >= 0.000 -> Platelets <= 0.000) -> Calcium <= 0.000) | Hct >= 0.000))",1,0.1
831,"G[0,0](((Creatinine >= 0.000 -> Potassium <= 0.000) | Bilirubin_direct <= 0.000))",1,0.1
832,"G[0,0]((((WBC >= 0.000 | Bilirubin_total >= 0.000) & TroponinI >= 0.000) | MAP >= 0.000))",1,0.1
833,"G[0,0](((Magnesium <= 0.000 & MAP >= 0.000) | Bilirubin_total <= 0.000))",1,0.1
834,"G[0,0](((DBP >= 0.000 | Resp <= 0.000) -> Phosphate <= 0.000))",1,0.1
835,"G[0,0]((((Hgb <= 0.000 -> SaO2 >= 0.000) & MAP >= 0.000) -> MAP >= 0.000))",1,0.1
836,"G[0,0]((Alkalinephos < 0.000 -> SepsisLabel = 0.000))",1,0.1
837,"G[0,0]((((Creatinine >= 0.000 | pH <= 0.000) -> pH >= 0.000) -> EtCO2 <= 0.000))",1,0.1
838,"G[0,0]((((HCO3 <= 0.000 -> MAP >= 0.000) & DBP <= 0.000) | pH <= 0.000))",1,0.1
839,"G[0,0]((DBP <= 0.000 | PaCO2 <= 0.000))",1,0.1
840,"G[0,0](((FiO2 >= 0.000 | MAP >= 0.000) -> FiO2 <= 0.000))",1,0.1
841,"G[0,0](((DBP <= 0.000 | HR >= 0.000) | Bilirubin_total >= 0.000))",1,0.1
842,"G[0,0]((((pH <= 0.000 & PTT <= 0.000) -> PaCO2 >= 0.000) | FiO2 <= 0.000))",1,0.1
506,"G[0,0]((MAP >= 0.000 -> Calcium <= 0.000))",1,0.1
499,"F[0,0]((SaO2 <= 0.000 -> WBC >= 0.000))",1,0.1
504,"G[0,0]((HCO3 <= 0.000 | Resp >= 0.000))",1,0.1
162,"G[0,0]((((Creatinine >= 0.000 & HCO3 >= 0.000) -> WBC >= 0.000) & Bilirubin_total <= 0.000))",1,0.1
164,"G[0,0]((((Creatinine <= 0.000 | O2Sat <= 0.000) -> AST <= 0.000) | Phosphate <= 0.000))",1,0.1
165,"G[0,0](((DBP <= 0.000 -> O2Sat <= 0.000) -> DBP <= 0.000))",1,0.1
166,"G[0,0](((HR <= 0.000 -> Temp >= 0.000) | Fibrinogen <= 0.000))",1,0.1
167,"G[0,0]((Hgb >= 0.000 | Resp <= 0.000))",1,0.1
168,"G[0,0]((((Bilirubin_total <= 0.000 -> PTT <= 0.000) | WBC <= 0.000) | PTT >= 0.000))",1,0.1
169,"G[0,0]((Glucose >= 0.000 -> EtCO2 >= 0.000))",1,0.1
170,"G[0,0](((FiO2 >= 0.000 -> EtCO2 <= 0.000) -> AST >= 0.000))",1,0.1
171,"G[0,0]((((Magnesium <= 0.000 | FiO2 >= 0.000) & Phosphate <= 0.000) | PaCO2 >= 0.000))",1,0.1
172,"G[0,0](((O2Sat >= 0.000 | Hct <= 0.000) | SepsisLabel >= 0.000))",1,0.1
173,"G[0,0](((pH <= 0.000 -> Bilirubin_total >= 0.000) & BUN >= 0.000))",1,0.1
174,"G[0,0]((BaseExcess >= 0.000 -> SepsisLabel >= 0.000))",1,0.1
175,"G[0,0](((HR <= 0.000 & PTT <= 0.000) -> PTT <= 0.000))",1,0.1
176,"G[0,0]((((Creatinine <= 0.000 -> TroponinI >= 0.000) & O2Sat >= 0.000) -> Bilirubin_direct >= 0.000))",1,0.1
177,"G[0,0](((PaCO2 <= 0.000 | EtCO2 >= 0.000) -> SaO2 <= 0.000))",1,0.1
178,"G[0,0]((((Calcium >= 0.000 & Creatinine >= 0.000) | BUN <= 0.000) -> Fibrinogen <= 0.000))",1,0.1
179,"G[0,0]((((Phosphate >= 0.000 | MAP >= 0.000) & HR <= 0.000) & Hgb <= 0.000))",1,0.1
180,"G[0,0]((((FiO2 <= 0.000 | Alkalinephos >= 0.000) | Potassium >= 0.000) & EtCO2 <= 0.000))",1,0.1
181,"G[0,0](((Glucose >= 0.000 & Fibrinogen >= 0.000) | BaseExcess <= 0.000))",1,0.1
182,"G[0,0]((PTT >= 0.000 | pH >= 0.000))",1,0.1
183,"G[0,0](((BUN >= 0.000 -> BaseExcess <= 0.000) & PTT >= 0.000))",1,0.1
184,"G[0,0](((AST >= 0.000 | TroponinI >= 0.000) | Calcium >= 0.000))",1,0.1
185,"G[0,0]((EtCO2 <= 0.000 -> O2Sat >= 0.000))",1,0.1
186,"G[0,0]((Creatinine >= 0.000 -> EtCO2 <= 0.000))",1,0.1
187,"G[0,0]((AST >= 0.000 | pH <= 0.000))",1,0.1
188,"G[0,0]((PaCO2 <= 0.000 | FiO2 <= 0.000))",1,0.1
189,"G[0,0]((((Magnesium >= 0.000 -> SaO2 <= 0.000) -> PTT >= 0.000) | MAP <= 0.000))",1,0.1
190,"G[0,0]((((EtCO2 <= 0.000 & SBP >= 0.000) -> FiO2 >= 0.000) -> PTT <= 0.000))",1,0.1
163,"G[0,0]((Chloride <= 0.000 | Hct >= 0.000))",1,0.1
161,"G[0,0]((((Calcium >= 0.000 & WBC <= 0.000) -> O2Sat <= 0.000) | pH <= 0.000))",1,0.1
192,"G[0,0](((Chloride >= 0.000 & O2Sat >= 0.000) | FiO2 <= 0.000))",1,0.1
160,"G[0,0]((Fibrinogen >= 0.000 | DBP <= 0.000))",1,0.1
133,"F[0,0](((Resp <= 0.000 & FiO2 <= 0.000) & MAP <= 0.000))",1,0.1
134,"G[0,0]((Bilirubin_direct <= 0.000 -> SepsisLabel = 0.000))",1,0.1
135,"G[0,0]((((BUN >= 0.000 & Resp >= 0.000) | Creatinine >= 0.000) | HR >= 0.000))",1,0.1
136,"G[0,0](((Glucose >= 0.000 & Temp >= 0.000) -> Fibrinogen <= 0.000))",1,0.1
137,"G[0,0]((((TroponinI >= 0.000 & DBP >= 0.000) & Creatinine >= 0.000) -> Hct <= 0.000))",1,0.1
138,"G[0,0]((((Calcium <= 0.000 -> PTT <= 0.000) & AST <= 0.000) & SaO2 >= 0.000))",1,0.1
139,"G[0,0](((SaO2 >= 0.000 & pH >= 0.000) & SepsisLabel <= 0.000))",1,0.1
140,"F[0,0](((Glucose >= 0.000 & Hgb <= 0.000) & MAP <= 0.000))",1,0.1
141,"F[0,0](((HCO3 <= 0.000 & Temp >= 0.000) & Glucose >= 0.000))",1,0.1
142,"F[0,0](((HCO3 <= 0.000 -> HR >= 0.000) & SaO2 >= 0.000))",1,0.1
143,"((HCO3 >= 0.000) U[0,0] (MAP >= 0.000))",1,0.1
144,"F[0,0]((((MAP >= 0.000 -> Platelets <= 0.000) -> PTT <= 0.000) -> BaseExcess >= 0.000))",1,0.1
145,"F[0,0]((((TroponinI <= 0.000 | SBP >= 0.000) & WBC <= 0.000) & SepsisLabel >= 0.000))",1,0.1
146,"F[0,0]((((Bilirubin_direct <= 0.000 & Platelets <= 0.000) & Glucose >= 0.000) & TroponinI <= 0.000))",1,0.1
147,"F[0,0]((Platelets <= 0.000 & Hct >= 0.000))",1,0.1
148,"((Hgb >= 0.000) U[0,0] (Lactate <= 0.000))",1,0.1
149,"((Phosphate > 0.000) U[0,0] (SepsisLabel = 0.000))",1,0.1
150,"F[0,0]((((pH >= 0.000 | Hgb >= 0.000) -> BaseExcess >= 0.000) & Glucose >= 0.000))",1,0.1
151,"F[0,0](((SBP >= 0.000 & MAP <= 0.000) & pH >= 0.000))",1,0.1
152,"G[0,0]((((HCO3 <= 0.000 -> DBP >= 0.000) & Phosphate <= 0.000) -> HR >= 0.000))",1,0.1
153,"F[0,0](((Calcium >= 0.000 & Temp >= 0.000) & SaO2 >= 0.000))",1,0.1
154,"F[0,0]((((Chloride >= 0.000 | HR >= 0.000) & Phosphate <= 0.000) -> Phosphate >= 0.000))",1,0.1
155,"G[0,0]((((EtCO2 >= 0.000 | BaseExcess <= 0.000) -> Creatinine >= 0.000) | O2Sat <= 0.000))",1,0.1
156,"G[0,0]((FiO2 <= 0.000 | Alkalinephos <= 0.000))",1,0.1
157,"G[0,0]((((Glucose <= 0.000 -> HR >= 0.000) -> Temp <= 0.000) -> HCO3 <= 0.000))",1,0.1
158,"G[0,0]((((EtCO2 >= 0.000 & FiO2 >= 0.000) & Calcium >= 0.000) -> MAP >= 0.000))",1,0.1
159,"G[0,0]((DBP <= 0.000 -> SepsisLabel >= 0.000))",1,0.1
191,"G[0,0](((AST >= 0.000 -> SBP <= 0.000) | Calcium <= 0.000))",1,0.1
193,"F[0,0]((BUN >= 0.000 & BaseExcess >= 0.000))",1,0.1
255,"G[0,0]((FiO2 <= 0.000 -> SepsisLabel = 0.000))",1,0.1
224,"G[0,0]((MAP >= 0.000 | SaO2 <= 0.000))",1,0.1
226,"G[0,0]((((MAP >= 0.000 | Magnesium <= 0.000) | SBP >= 0.000) | Lactate >= 0.000))",1,0.1
227,"G[0,0]((((BUN >= 0.000 -> DBP <= 0.000) & Temp <= 0.000) & Calcium <= 0.000))",1,0.1
228,"G[0,0]((PaCO2 <= 0.000 | Calcium <= 0.000))",1,0.1
229,"G[0,0]((Bilirubin_direct >= 0.000 & SaO2 <= 0.000))",1,0.1
230,"G[0,0]((((O2Sat >= 0.000 & TroponinI >= 0.000) | BUN <= 0.000) | PaCO2 >= 0.000))",1,0.1
232,"F[0,0](((BUN <= 0.000 & Hgb <= 0.000) & Glucose >= 0.000))",1,0.1
233,"G[0,0](((FiO2 <= 0.000 & SBP >= 0.000) -> BaseExcess <= 0.000))",1,0.1
234,"F[0,0]((((Chloride >= 0.000 -> FiO2 >= 0.000) -> SepsisLabel <= 0.000) & Fibrinogen >= 0.000))",1,0.1
235,"F[0,0]((((PaCO2 >= 0.000 | Chloride <= 0.000) -> Potassium >= 0.000) & SepsisLabel >= 0.000))",1,0.1
236,"F[0,0](((Chloride >= 0.000 & Resp >= 0.000) & Chloride <= 0.000))",1,0.1
237,"((Temp >= 0.000) U[0,0] (BaseExcess >= 0.000))",1,0.1
238,"F[0,0]((((Chloride <= 0.000 & SBP >= 0.000) -> AST <= 0.000) & Hgb >= 0.000))",1,0.1
239,"F[0,0]((((BaseExcess <= 0.000 | SBP >= 0.000) | MAP >= 0.000) & TroponinI >= 0.000))",1,0.1
240,"F[0,0](((AST <= 0.000 & Resp >= 0.000) & BaseExcess >= 0.000))",1,0.1
241,"F[0,0](((BaseExcess >= 0.000 & WBC >= 0.000) & PaCO2 <= 0.000))",1,0.1
242,"G[0,0]((((FiO2 >= 0.000 -> Temp <= 0.000) & Platelets <= 0.000) | WBC <= 0.000))",1,0.1
243,"F[0,0]((((Creatinine <= 0.000 -> Potassium >= 0.000) | Lactate >= 0.000) & HR <= 0.000))",1,0.1
244,"G[0,0](((Platelets <= 0.000 & Creatinine >= 0.000) -> SepsisLabel <= 0.000))",1,0.1
245,"G[0,0]((((FiO2 <= 0.000 -> Hct <= 0.000) & Bilirubin_total >= 0.000) | Bilirubin_direct <= 0.000))",1,0.1
246,"G[0,0](((Creatinine <= 0.000 -> Hgb <= 0.000) | Magnesium <= 0.000))",1,0.1
247,"G[0,0](((HCO3 >= 0.000 | EtCO2 <= 0.000) & PaCO2 >= 0.000))",1,0.1
248,"G[0,0]((((Chloride >= 0.000 & Phosphate >= 0.000) -> DBP >= 0.000) | Potassium <= 0.000))",1,0.1
249,"G[0,0](((O2Sat >= 0.000 | WBC <= 0.000) | HR <= 0.000))",1,0.1
250,"G[0,0]((((Calcium <= 0.000 & WBC >= 0.000) -> O2Sat >= 0.000) | HR <= 0.000))",1,0.1
251,"G[0,0]((((FiO2 <= 0.000 -> Hgb >= 0.000) -> HR >= 0.000) | MAP >= 0.000))",1,0.1
252,"G[0,0]((MAP < 0.000 -> SepsisLabel = 0.000))",1,0.1
253,"G[0,0](((DBP <= 0.000 & Bilirubin_direct >= 0.000) | BaseExcess >= 0.000))",1,0.1
225,"G[0,0]((Calcium >= 0.000 -> FiO2 <= 0.000))",1,0.1
223,"G[0,0]((Alkalinephos <= 0.000 | Resp <= 0.000))",1,0.1
194,"F[0,0]((Lactate <= 0.000 -> Hct >= 0.000))",1,0.1
222,"G[0,0]((((Hgb >= 0.000 -> MAP >= 0.000) -> FiO2 >= 0.000) -> Lactate <= 0.000))",1,0.1
195,"F[0,0](((Hgb <= 0.000 -> Glucose >= 0.000) & DBP >= 0.000))",1,0.1
196,"F[0,0]((WBC > 0.000 & SepsisLabel = 0.000))",1,0.1
197,"F[0,0]((((EtCO2 >= 0.000 & HR >= 0.000) -> Lactate >= 0.000) | Fibrinogen >= 0.000))",1,0.1
198,"((Bilirubin_total >= 0.000) U[0,0] (Calcium >= 0.000))",1,0.1
199,"F[0,0]((Chloride >= 0.000 & SBP <= 0.000))",1,0.1
200,"F[0,0](((Bilirubin_direct >= 0.000 & Hct >= 0.000) & Phosphate <= 0.000))",1,0.1
201,"((SBP >= 0.000) U[0,0] (WBC >= 0.000))",1,0.1
202,"F[0,0]((((SaO2 <= 0.000 & PTT <= 0.000) & BUN <= 0.000) & MAP <= 0.000))",1,0.1
203,"F[0,0](((WBC >= 0.000 -> BUN <= 0.000) -> PTT >= 0.000))",1,0.1
204,"F[0,0]((((AST <= 0.000 -> Creatinine <= 0.000) -> Phosphate >= 0.000) | FiO2 >= 0.000))",1,0.1
205,"F[0,0]((((Creatinine <= 0.000 | Phosphate <= 0.000) | PaCO2 <= 0.000) & Calcium >= 0.000))",1,0.1
206,"((Resp <= 0.000) U[0,0] (Hct >= 0.000))",1,0.1
207,"F[0,0]((Magnesium >= 0.000 & Lactate >= 0.000))",1,0.1
208,"F[0,0](((Creatinine >= 0.000 & SBP >= 0.000) & HR <= 0.000))",1,0.1
209,"G[0,0]((((Resp >= 0.000 & Hct >= 0.000) & WBC <= 0.000) -> PTT >= 0.000))",1,0.1
210,"G[0,0](((Platelets >= 0.000 & Temp >= 0.000) -> BaseExcess >= 0.000))",1,0.1
211,"G[0,0](((DBP >= 0.000 -> WBC <= 0.000) | SBP <= 0.000))",1,0.1
212,"G[0,0]((Chloride <= 0.000 | Calcium <= 0.000))",1,0.1
213,"G[0,0]((((TroponinI <= 0.000 -> EtCO2 >= 0.000) & WBC <= 0.000) & Chloride <= 0.000))",1,0.1
214,"G[0,0]((Phosphate <= 0.000 | Creatinine <= 0.000))",1,0.1
215,"G[0,0](((Hgb >= 0.000 & AST >= 0.000) -> Hct <= 0.000))",1,0.1
216,"G[0,0]((Resp <= 0.000 & Hct <= 0.000))",1,0.1
217,"G[0,0]((((Alkalinephos <= 0.000 | Magnesium <= 0.000) -> Calcium <= 0.000) & AST <= 0.000))",1,0.1
218,"G[0,0]((((Hgb <= 0.000 | pH <= 0.000) | Hgb <= 0.000) & Potassium <= 0.000))",1,0.1
219,"G[0,0]((((SepsisLabel <= 0.000 -> Glucose <= 0.000) | HCO3 >= 0.000) -> HCO3 <= 0.000))",1,0.1
220,"G[0,0](((FiO2 >= 0.000 & DBP <= 0.000) | Creatinine >= 0.000))",1,0.1
221,"G[0,0]((EtCO2 <= 0.000 -> SepsisLabel = 0.000))",1,0.1
132,"G[0,0]((Lactate < 0.000 -> SepsisLabel = 0.000))",1,0.1
131,"G[0,0]((Bilirubin_direct >= 0.000 -> SepsisLabel = 0.000))",1,0.1
130,"G[0,0]((DBP >= 0.000 -> SepsisLabel = 0.000))",1,0.1
34,"G[0,0]((((Bilirubin_direct >= 0.000 -> FiO2 <= 0.000) & BaseExcess >= 0.000) | Bilirubin_direct <= 0.000))",1,0.1
36,"G[0,0](((DBP >= 0.000 -> Temp <= 0.000) | Lactate <= 0.000))",1,0.1
37,"G[0,0](((pH <= 0.000 -> Chloride <= 0.000) | Calcium >= 0.000))",1,0.1
38,"G[0,0](((PaCO2 >= 0.000 & Resp >= 0.000) | pH <= 0.000))",1,0.1
39,"G[0,0](((Phosphate >= 0.000 -> SaO2 <= 0.000) | Hct >= 0.000))",1,0.1
40,"G[0,0](((Calcium <= 0.000 | Hct <= 0.000) -> SepsisLabel <= 0.000))",1,0.1
41,"G[0,0]((((Hct >= 0.000 -> PaCO2 <= 0.000) -> Resp <= 0.000) | Hgb <= 0.000))",1,0.1
42,"G[0,0]((HCO3 > 0.000 -> SepsisLabel = 0.000))",1,0.1
43,"G[0,0](((Potassium >= 0.000 & EtCO2 >= 0.000) | AST >= 0.000))",1,0.1
44,"G[0,0](((SBP >= 0.000 & Lactate <= 0.000) | Bilirubin_total <= 0.000))",1,0.1
45,"G[0,0]((((SBP >= 0.000 | Calcium >= 0.000) -> Fibrinogen >= 0.000) | FiO2 <= 0.000))",1,0.1
46,"G[0,0]((BUN > 0.000 -> SepsisLabel = 0.000))",1,0.1
47,"G[0,0](((Calcium <= 0.000 -> Hct >= 0.000) -> DBP <= 0.000))",1,0.1
48,"G[0,0]((((FiO2 <= 0.000 & SBP >= 0.000) & Hct >= 0.000) -> pH <= 0.000))",1,0.1
49,"G[0,0](((Creatinine >= 0.000 -> Creatinine <= 0.000) & Alkalinephos <= 0.000))",1,0.1
50,"((Bilirubin_total >= 0.000) U[0,0] (SepsisLabel = 0.000))",1,0.1
51,"F[0,0]((((Lactate >= 0.000 | WBC <= 0.000) | PTT <= 0.000) & Calcium >= 0.000))",1,0.1
52,"((AST <= 0.000) U[0,0] (SaO2 >= 0.000))",1,0.1
53,"((Alkalinephos >= 0.000) U[0,0] (SepsisLabel = 0.000))",1,0.1
54,"G[0,0]((BUN <= 0.000 & Chloride <= 0.000))",1,0.1
55,"((HR >= 0.000) U[0,0] (Potassium >= 0.000))",1,0.1
56,"F[0,0]((((Bilirubin_total <= 0.000 -> Potassium >= 0.000) -> AST >= 0.000) -> PTT >= 0.000))",1,0.1
57,"F[0,0](((Hgb <= 0.000 | Temp >= 0.000) -> TroponinI >= 0.000))",1,0.1
58,"F[0,0]((SaO2 >= 0.000 & SBP <= 0.000))",1,0.1
59,"F[0,0](((Lactate >= 0.000 | FiO2 >= 0.000) & Magnesium >= 0.000))",1,0.1
60,"F[0,0](((BUN <= 0.000 -> Creatinine <= 0.000) -> Hgb >= 0.000))",1,0.1
61,"F[0,0]((((HCO3 >= 0.000 -> Hgb >= 0.000) & Chloride >= 0.000) & HCO3 >= 0.000))",1,0.1
62,"F[0,0]((PaCO2 >= 0.000 & HCO3 >= 0.000))",1,0.1
35,"G[0,0](((PaCO2 <= 0.000 -> Phosphate <= 0.000) | AST <= 0.000))",1,0.1
33,"G[0,0]((Hct < 0.000 -> SepsisLabel = 0.000))",1,0.1
128,"((Calcium >= 0.000) U[0,0] (HR >= 0.000))",1,0.1
32,"G[0,0]((((BUN >= 0.000 -> SaO2 <= 0.000) -> Calcium <= 0.000) | Potassium <= 0.000))",1,0.1
2,"G[0,0](((MAP <= 0.000 -> SBP <= 0.000) & WBC <= 0.000))",1,0.1
3,"G[0,0](((Hgb >= 0.000 | Temp <= 0.000) | TroponinI <= 0.000))",1,0.1
4,"G[0,0]((MAP >= 0.000 | Resp <= 0.000))",1,0.1
5,"G[0,0](((Bilirubin_total >= 0.000 & pH >= 0.000) -> Bilirubin_direct <= 0.000))",1,0.1
6,"G[0,0]((Calcium <= 0.000 -> Potassium <= 0.000))",1,0.1
7,"G[0,0]((((Platelets <= 0.000 | EtCO2 <= 0.000) | HR >= 0.000) | Bilirubin_total >= 0.000))",1,0.1
8,"G[0,0](((AST <= 0.000 | Bilirubin_direct <= 0.000) & Calcium >= 0.000))",1,0.1
9,"G[0,0](((Hgb >= 0.000 | SaO2 <= 0.000) | Creatinine <= 0.000))",1,0.1
10,"F[0,0]((((HR >= 0.000 & pH <= 0.000) & SaO2 >= 0.000) & SaO2 >= 0.000))",1,0.1
11,"G[0,0]((((BaseExcess >= 0.000 -> WBC <= 0.000) | Bilirubin_total >= 0.000) | BUN >= 0.000))",1,0.1
12,"F[0,0]((Creatinine >= 0.000 & BUN <= 0.000))",1,0.1
13,"F[0,0]((((Magnesium >= 0.000 | pH >= 0.000) & Potassium >= 0.000) & HR <= 0.000))",1,0.1
14,"F[0,0]((Chloride >= 0.000 & O2Sat <= 0.000))",1,0.1
16,"F[0,0]((((Hgb >= 0.000 & MAP <= 0.000) | Bilirubin_direct <= 0.000) & AST >= 0.000))",1,0.1
17,"F[0,0]((((O2Sat <= 0.000 -> SBP <= 0.000) | Platelets <= 0.000) & Creatinine >= 0.000))",1,0.1
18,"F[0,0](((FiO2 <= 0.000 & Glucose >= 0.000) & HR <= 0.000))",1,0.1
19,"F[0,0](((AST <= 0.000 | Phosphate >= 0.000) -> DBP >= 0.000))",1,0.1
20,"F[0,0](((Chloride <= 0.000 -> WBC >= 0.000) & Fibrinogen >= 0.000))",1,0.1
21,"F[0,0](((Creatinine >= 0.000 & Hct <= 0.000) | DBP >= 0.000))",1,0.1
23,"((Bilirubin_direct < 0.000) U[0,0] (SepsisLabel = 0.000))",1,0.1
24,"G[0,0]((((Creatinine <= 0.000 -> Platelets >= 0.000) | SaO2 >= 0.000) | Bilirubin_total <= 0.000))",1,0.1
25,"F[0,0](((BaseExcess >= 0.000 | Creatinine <= 0.000) & Creatinine >= 0.000))",1,0.1
26,"G[0,0]((((Phosphate <= 0.000 -> WBC >= 0.000) & SepsisLabel >= 0.000) -> Temp <= 0.000))",1,0.1
27,"G[0,0](((Platelets <= 0.000 | Bilirubin_direct >= 0.000) -> Bilirubin_total >= 0.000))",1,0.1
28,"G[0,0]((((FiO2 <= 0.000 | HR <= 0.000) | Lactate <= 0.000) -> Alkalinephos <= 0.000))",1,0.1
30,"G[0,0](((AST <= 0.000 | HCO3 >= 0.000) | PTT >= 0.000))",1,0.1
31,"G[0,0]((SaO2 >= 0.000 -> SepsisLabel = 0.000))",1,0.1
63,"((PTT >= 0.000) U[0,0] (SaO2 >= 0.000))",1,0.1
64,"F[0,0]((Calcium >= 0.000 | Hgb >= 0.000))",1,0.1
65,"((Hgb <= 0.000) U[0,0] (Alkalinephos >= 0.000))",1,0.1
66,"((SBP <= 0.000) U[0,0] (WBC >= 0.000))",1,0.1
98,"F[0,0]((((Alkalinephos >= 0.000 -> Hct >= 0.000) -> PaCO2 >= 0.000) & Phosphate <= 0.000))",1,0.1
99,"G[0,0]((((Resp <= 0.000 -> Magnesium <= 0.000) | FiO2 <= 0.000) -> PaCO2 <= 0.000))",1,0.1
100,"G[0,0](((BaseExcess >= 0.000 -> Calcium >= 0.000) & Lactate <= 0.000))",1,0.1
101,"G[0,0]((((HR >= 0.000 & pH <= 0.000) -> PaCO2 >= 0.000) -> O2Sat >= 0.000))",1,0.1
102,"G[0,0]((SaO2 <= 0.000 & SepsisLabel = 0.000))",1,0.1
103,"F[0,0](((FiO2 >= 0.000 & O2Sat <= 0.000) | Chloride >= 0.000))",1,0.1
105,"G[0,0]((((Platelets <= 0.000 | SaO2 >= 0.000) | EtCO2 <= 0.000) & Bilirubin_direct <= 0.000))",1,0.1
106,"G[0,0]((Chloride >= 0.000 -> Glucose >= 0.000))",1,0.1
107,"G[0,0]((PaCO2 >= 0.000 & SepsisLabel = 0.000))",1,0.1
108,"F[0,0](((Magnesium >= 0.000 | BUN >= 0.000) & WBC >= 0.000))",1,0.1
109,"G[0,0]((((Potassium <= 0.000 & FiO2 <= 0.000) & Lactate >= 0.000) & Platelets <= 0.000))",1,0.1
110,"G[0,0](((AST <= 0.000 & SaO2 <= 0.000) | Hgb >= 0.000))",1,0.1
111,"G[0,0]((Phosphate >= 0.000 -> Resp >= 0.000))",1,0.1
112,"G[0,0](((Platelets <= 0.000 | SepsisLabel <= 0.000) & pH <= 0.000))",1,0.1
113,"G[0,0]((Resp <= 0.000 | Fibrinogen <= 0.000))",1,0.1
114,"G[0,0]((BUN <= 0.000 & SepsisLabel = 0.000))",1,0.1
116,"F[0,0]((((HR >= 0.000 -> Platelets <= 0.000) & Bilirubin_direct >= 0.000) | Platelets >= 0.000))",1,0.1
117,"G[0,0]((((O2Sat >= 0.000 -> Magnesium >= 0.000) -> HR <= 0.000) | HCO3 <= 0.000))",1,0.1
118,"G[0,0]((((WBC <= 0.000 -> Fibrinogen <= 0.000) & O2Sat >= 0.000) & WBC <= 0.000))",1,0.1
119,"G[0,0](((Chloride <= 0.000 -> Fibrinogen <= 0.000) | Potassium >= 0.000))",1,0.1
120,"G[0,0](((Phosphate <= 0.000 -> AST >= 0.000) | pH >= 0.000))",1,0.1
121,"G[0,0]((Bilirubin_total >= 0.000 & WBC <= 0.000))",1,0.1
122,"G[0,0](((WBC <= 0.000 -> Phosphate >= 0.000) -> Platelets >= 0.000))",1,0.1
123,"G[0,0]((((Magnesium <= 0.000 -> Potassium >= 0.000) -> Potassium >= 0.000) -> pH <= 0.000))",1,0.1
124,"G[0,0](((Potassium <= 0.000 & SaO2 >= 0.000) | TroponinI >= 0.000))",1,0.1
125,"G[0,0]((((AST <= 0.000 | SaO2 <= 0.000) & Potassium >= 0.000) | SBP <= 0.000))",1,0.1
127,"((Glucose >= 0.000) U[0,0] (Hgb >= 0.000))",1,0.1
97,"((FiO2 > 0.000) U[0,0] (SepsisLabel = 0.000))",1,0.1
96,"F[0,0]((HR >= 0.000 & Phosphate >= 0.000))",1,0.1
95,"F[0,0](((Resp <= 0.000 & Potassium >= 0.000) | Hct >= 0.000))",1,0.1
79,"G[0,0]((BaseExcess >= 0.000 -> Chloride <= 0.000))",1,0.1
67,"G[0,0](((Alkalinephos <= 0.000 -> Magnesium <= 0.000) | TroponinI >= 0.000))",1,0.1
68,"G[0,0]((((HR >= 0.000 | O2Sat <= 0.000) | O2Sat <= 0.000) -> PaCO2 <= 0.000))",1,0.1
69,"G[0,0]((Creatinine <= 0.000 & Lactate <= 0.000))",1,0.1
70,"G[0,0](((Magnesium >= 0.000 -> MAP >= 0.000) | Glucose <= 0.000))",1,0.1
71,"G[0,0]((((pH <= 0.000 & Resp >= 0.000) -> HCO3 <= 0.000) & Lactate <= 0.000))",1,0.1
72,"G[0,0]((Hct <= 0.000 | Temp >= 0.000))",1,0.1
73,"G[0,0]((pH >= 0.000 | Potassium <= 0.000))",1,0.1
74,"G[0,0](((Creatinine >= 0.000 | Resp <= 0.000) & PTT <= 0.000))",1,0.1
75,"G[0,0]((BaseExcess <= 0.000 -> Glucose <= 0.000))",1,0.1
76,"G[0,0]((BUN <= 0.000 -> Hgb <= 0.000))",1,0.1
77,"G[0,0]((AST < 0.000 & SepsisLabel = 0.000))",1,0.1
78,"G[0,0](((FiO2 >= 0.000 | Magnesium <= 0.000) | MAP <= 0.000))",1,0.1
80,"G[0,0]((HCO3 >= 0.000 -> MAP >= 0.000))",1,0.1
94,"((Lactate >= 0.000) U[0,0] (HCO3 >= 0.000))",1,0.1
81,"F[0,0]((PaCO2 >= 0.000 & Temp >= 0.000))",1,0.1
82,"G[0,0](((Creatinine <= 0.000 | Potassium <= 0.000) & Fibrinogen <= 0.000))",1,0.1
83,"F[0,0]((BaseExcess >= 0.000 & Phosphate <= 0.000))",1,0.1
84,"F[0,0]((Bilirubin_total <= 0.000 -> BUN >= 0.000))",1,0.1
86,"F[0,0](((Creatinine >= 0.000 | pH >= 0.000) & PaCO2 <= 0.000))",1,0.1
87,"((HCO3 >= 0.000) U[0,0] (HCO3 >= 0.000))",1,0.1
88,"G[0,0]((((pH <= 0.000 -> Phosphate <= 0.000) -> SaO2 >= 0.000) -> Alkalinephos >= 0.000))",1,0.1
89,"((Calcium <= 0.000) U[0,0] (Creatinine >= 0.000))",1,0.1
90,"G[0,0]((((O2Sat <= 0.000 & Phosphate >= 0.000) | TroponinI <= 0.000) & Glucose <= 0.000))",1,0.1
91,"G[0,0]((Chloride <= 0.000 & Hct <= 0.000))",1,0.1
92,"((Glucose >= 0.000) U[0,0] (Hgb <= 0.000))",1,0.1
93,"F[0,0]((TroponinI >= 0.000 & Calcium >= 0.000))",1,0.1
254,"G[0,0]((((Calcium <= 0.000 | Temp >= 0.000) | Hct <= 0.000) | Lactate <= 0.000))",1,0.1
256,"G[0,0]((FiO2 >= 0.000 -> SepsisLabel = 0.000))",1,0.1
503,"G[0,0]((((SepsisLabel >= 0.000 | FiO2 <= 0.000) | Alkalinephos <= 0.000) -> AST <= 0.000))",1,0.1
411,"F[0,0](((O2Sat >= 0.000 -> Platelets <= 0.000) -> Magnesium >= 0.000))",1,0.1
413,"F[0,0]((((Hct >= 0.000 & pH <= 0.000) | MAP <= 0.000) | O2Sat <= 0.000))",1,0.1
414,"F[0,0](((Phosphate >= 0.000 | HCO3 <= 0.000) -> Hct >= 0.000))",1,0.1
415,"F[0,0]((Potassium >= 0.000 | Temp >= 0.000))",1,0.1
416,"F[0,0](((Glucose >= 0.000 -> SaO2 <= 0.000) -> EtCO2 >= 0.000))",1,0.1
417,"F[0,0](((Creatinine <= 0.000 | Hct >= 0.000) -> HCO3 >= 0.000))",1,0.1
418,"F[0,0]((((PTT >= 0.000 -> WBC <= 0.000) -> Bilirubin_total <= 0.000) & MAP <= 0.000))",1,0.1
419,"F[0,0]((((PTT <= 0.000 | Magnesium >= 0.000) -> Hct >= 0.000) | SepsisLabel >= 0.000))",1,0.1
420,"((pH >= 0.000) U[0,0] (Temp <= 0.000))",1,0.1
421,"G[0,0]((((Hct >= 0.000 -> WBC <= 0.000) -> AST >= 0.000) | Alkalinephos <= 0.000))",1,0.1
422,"G[0,0]((((SBP <= 0.000 | Temp <= 0.000) -> Creatinine >= 0.000) | Phosphate <= 0.000))",1,0.1
423,"F[0,0]((Glucose <= 0.000 & Magnesium >= 0.000))",1,0.1
424,"F[0,0]((((MAP <= 0.000 & Resp <= 0.000) -> AST >= 0.000) & Resp <= 0.000))",1,0.1
425,"F[0,0]((AST <= 0.000 & Magnesium >= 0.000))",1,0.1
426,"((AST >= 0.000) U[0,0] (WBC >= 0.000))",1,0.1
427,"F[0,0](((Hgb <= 0.000 & PTT >= 0.000) & BaseExcess <= 0.000))",1,0.1
428,"G[0,0](((Hgb <= 0.000 -> Magnesium >= 0.000) | Phosphate <= 0.000))",1,0.1
429,"G[0,0]((((Temp >= 0.000 | Alkalinephos <= 0.000) -> TroponinI <= 0.000) | Bilirubin_direct >= 0.000))",1,0.1
430,"G[0,0]((((Potassium <= 0.000 & PTT <= 0.000) -> Potassium <= 0.000) | Creatinine <= 0.000))",1,0.1
431,"G[0,0](((SepsisLabel <= 0.000 -> BaseExcess >= 0.000) -> SaO2 <= 0.000))",1,0.1
432,"G[0,0](((Magnesium <= 0.000 | Temp >= 0.000) & WBC <= 0.000))",1,0.1
433,"G[0,0](((Lactate <= 0.000 | FiO2 <= 0.000) -> Chloride >= 0.000))",1,0.1
434,"G[0,0]((Hgb <= 0.000 | Potassium >= 0.000))",1,0.1
435,"((Magnesium >= 0.000) U[0,0] (PTT >= 0.000))",1,0.1
436,"G[0,0]((((Resp >= 0.000 -> SBP >= 0.000) -> Bilirubin_direct <= 0.000) & pH <= 0.000))",1,0.1
437,"G[0,0]((((Calcium >= 0.000 & O2Sat <= 0.000) | SepsisLabel <= 0.000) & SaO2 <= 0.000))",1,0.1
438,"G[0,0]((((Magnesium >= 0.000 -> MAP >= 0.000) & Lactate >= 0.000) -> Glucose >= 0.000))",1,0.1
439,"F[0,0]((((Creatinine <= 0.000 & WBC >= 0.000) & Resp >= 0.000) & Temp >= 0.000))",1,0.1
412,"F[0,0]((((Hgb <= 0.000 | Platelets >= 0.000) | BaseExcess >= 0.000) -> Platelets >= 0.000))",1,0.1
410,"((PaCO2 >= 0.000) U[0,0] (O2Sat >= 0.000))",1,0.1
441,"F[0,0](((Hct >= 0.000 | Platelets <= 0.000) -> pH >= 0.000))",1,0.1
409,"G[0,0](((PTT <= 0.000 | PaCO2 >= 0.000) | Creatinine >= 0.000))",1,0.1
382,"((AST <= 0.000) U[0,0] (Hct >= 0.000))",1,0.1
383,"F[0,0]((Glucose <= 0.000 -> Hgb >= 0.000))",1,0.1
384,"F[0,0]((((Glucose >= 0.000 -> HR <= 0.000) & FiO2 <= 0.000) -> Fibrinogen >= 0.000))",1,0.1
385,"F[0,0](((Phosphate <= 0.000 | WBC >= 0.000) & Platelets >= 0.000))",1,0.1
386,"F[0,0]((Lactate >= 0.000 -> Phosphate >= 0.000))",1,0.1
387,"F[0,0]((((DBP <= 0.000 & Hgb >= 0.000) | Lactate >= 0.000) | WBC >= 0.000))",1,0.1
388,"F[0,0]((((Bilirubin_direct <= 0.000 | Creatinine >= 0.000) -> Potassium >= 0.000) & Platelets >= 0.000))",1,0.1
389,"F[0,0](((Glucose >= 0.000 & HCO3 >= 0.000) & FiO2 <= 0.000))",1,0.1
390,"((Bilirubin_total >= 0.000) U[0,0] (Magnesium >= 0.000))",1,0.1
391,"F[0,0]((((Chloride >= 0.000 & Potassium <= 0.000) & BaseExcess >= 0.000) | Hct >= 0.000))",1,0.1
392,"F[0,0]((((BUN >= 0.000 -> DBP <= 0.000) | HCO3 <= 0.000) & O2Sat <= 0.000))",1,0.1
393,"G[0,0]((AST >= 0.000 -> Phosphate <= 0.000))",1,0.1
394,"G[0,0]((HCO3 >= 0.000 -> pH <= 0.000))",1,0.1
395,"G[0,0]((((PaCO2 <= 0.000 | Phosphate >= 0.000) & BUN <= 0.000) | Phosphate <= 0.000))",1,0.1
396,"G[0,0](((MAP >= 0.000 | pH >= 0.000) -> Resp >= 0.000))",1,0.1
397,"G[0,0]((((Chloride >= 0.000 -> WBC <= 0.000) | O2Sat <= 0.000) -> Potassium <= 0.000))",1,0.1
398,"G[0,0]((((Magnesium >= 0.000 -> WBC >= 0.000) | Hct <= 0.000) & TroponinI <= 0.000))",1,0.1
399,"G[0,0](((Hct <= 0.000 & Bilirubin_total >= 0.000) & FiO2 <= 0.000))",1,0.1
400,"G[0,0](((Alkalinephos <= 0.000 -> EtCO2 >= 0.000) -> Platelets <= 0.000))",1,0.1
401,"G[0,0](((HR >= 0.000 & WBC <= 0.000) -> Platelets <= 0.000))",1,0.1
402,"G[0,0](((Creatinine >= 0.000 & Potassium <= 0.000) -> Fibrinogen >= 0.000))",1,0.1
403,"G[0,0]((Hgb <= 0.000 & SepsisLabel = 0.000))",1,0.1
404,"G[0,0](((Glucose >= 0.000 -> Resp <= 0.000) | BaseExcess >= 0.000))",1,0.1
405,"G[0,0](((BUN >= 0.000 & Potassium >= 0.000) | MAP >= 0.000))",1,0.1
406,"G[0,0](((Temp >= 0.000 -> Fibrinogen >= 0.000) & Creatinine <= 0.000))",1,0.1
407,"G[0,0](((Calcium >= 0.000 | PaCO2 >= 0.000) -> Platelets >= 0.000))",1,0.1
408,"G[0,0]((Temp <= 0.000 & Bilirubin_direct >= 0.000))",1,0.1
440,"F[0,0]((((BaseExcess >= 0.000 & SBP <= 0.000) -> Bilirubin_total >= 0.000) & Hgb >= 0.000))",1,0.1
442,"F[0,0]((((Hct <= 0.000 & Resp >= 0.000) & Hgb <= 0.000) & HR <= 0.000))",1,0.1
257,"G[0,0]((Glucose >= 0.000 -> Temp >= 0.000))",1,0.1
474,"G[0,0](((pH >= 0.000 & BaseExcess <= 0.000) & HR >= 0.000))",1,0.1
476,"G[0,0](((O2Sat <= 0.000 | Calcium <= 0.000) | PaCO2 <= 0.000))",1,0.1
477,"G[0,0]((((Alkalinephos >= 0.000 & Chloride <= 0.000) | FiO2 <= 0.000) | Resp >= 0.000))",1,0.1
478,"G[0,0](((BaseExcess <= 0.000 -> pH <= 0.000) -> SaO2 <= 0.000))",1,0.1
479,"G[0,0]((((BUN >= 0.000 -> Resp <= 0.000) | Platelets >= 0.000) | SBP >= 0.000))",1,0.1
480,"G[0,0]((((Calcium <= 0.000 -> Phosphate >= 0.000) -> Phosphate <= 0.000) -> Platelets <= 0.000))",1,0.1
481,"G[0,0]((((BUN >= 0.000 -> Temp >= 0.000) & pH >= 0.000) -> O2Sat >= 0.000))",1,0.1
482,"G[0,0](((EtCO2 >= 0.000 & PTT >= 0.000) | Bilirubin_total <= 0.000))",1,0.1
483,"G[0,0]((((Fibrinogen <= 0.000 -> BUN <= 0.000) | Chloride >= 0.000) & FiO2 <= 0.000))",1,0.1
484,"G[0,0](((AST <= 0.000 -> HCO3 >= 0.000) -> O2Sat >= 0.000))",1,0.1
485,"G[0,0]((((SepsisLabel <= 0.000 | PTT >= 0.000) | Bilirubin_direct >= 0.000) | Temp <= 0.000))",1,0.1
486,"G[0,0]((((Bilirubin_total >= 0.000 | Hgb <= 0.000) & Glucose <= 0.000) | Platelets >= 0.000))",1,0.1
487,"G[0,0]((((Glucose <= 0.000 & Chloride >= 0.000) | DBP >= 0.000) | pH <= 0.000))",1,0.1
488,"G[0,0]((((Hct >= 0.000 -> Potassium >= 0.000) -> PTT >= 0.000) -> Platelets <= 0.000))",1,0.1
489,"G[0,0]((PaCO2 >= 0.000 | Phosphate >= 0.000))",1,0.1
490,"G[0,0]((((pH <= 0.000 -> BUN >= 0.000) & SaO2 <= 0.000) | Platelets <= 0.000))",1,0.1
491,"F[0,0]((FiO2 <= 0.000 & Hgb >= 0.000))",1,0.1
492,"F[0,0]((((Creatinine <= 0.000 | Phosphate >= 0.000) & PTT >= 0.000) & HR <= 0.000))",1,0.1
493,"F[0,0](((Calcium <= 0.000 | Creatinine <= 0.000) -> HCO3 >= 0.000))",1,0.1
494,"((O2Sat <= 0.000) U[0,0] (Platelets >= 0.000))",1,0.1
495,"F[0,0]((((Platelets >= 0.000 & Hgb <= 0.000) | BUN >= 0.000) & HR <= 0.000))",1,0.1
496,"F[0,0](((O2Sat >= 0.000 -> Potassium >= 0.000) & Calcium >= 0.000))",1,0.1
497,"F[0,0]((((HR <= 0.000 & WBC >= 0.000) -> Alkalinephos >= 0.000) & Magnesium >= 0.000))",1,0.1
498,"((Glucose >= 0.000) U[0,0] (BaseExcess <= 0.000))",1,0.1
1,"G[0,0]((Alkalinephos <= 0.000 | BaseExcess >= 0.000))",1,0.1
500,"F[0,0]((Platelets >= 0.000 & pH >= 0.000))",1,0.1
501,"G[0,0]((Calcium <= 0.000 | HR >= 0.000))",1,0.1
502,"G[0,0]((MAP >= 0.000 -> PTT <= 0.000))",1,0.1
475,"G[0,0](((BaseExcess <= 0.000 -> WBC >= 0.000) | TroponinI <= 0.000))",1,0.1
473,"G[0,0]((((Magnesium <= 0.000 | SepsisLabel <= 0.000) -> Lactate <= 0.000) | Lactate <= 0.000))",1,0.1
443,"F[0,0](((Hgb <= 0.000 & Resp <= 0.000) & BaseExcess >= 0.000))",1,0.1
472,"G[0,0]((((Chloride >= 0.000 -> WBC <= 0.000) & BUN <= 0.000) | pH <= 0.000))",1,0.1
445,"F[0,0](((FiO2 >= 0.000 | BUN <= 0.000) -> SepsisLabel >= 0.000))",1,0.1
446,"F[0,0](((Hct <= 0.000 -> Hgb <= 0.000) & BaseExcess >= 0.000))",1,0.1
447,"F[0,0](((Bilirubin_total >= 0.000 | Magnesium >= 0.000) & TroponinI >= 0.000))",1,0.1
448,"F[0,0]((((HCO3 <= 0.000 -> O2Sat >= 0.000) -> Potassium <= 0.000) -> Calcium >= 0.000))",1,0.1
449,"F[0,0]((((Bilirubin_total <= 0.000 -> Hct >= 0.000) | Resp <= 0.000) & PaCO2 >= 0.000))",1,0.1
450,"F[0,0](((DBP >= 0.000 | O2Sat >= 0.000) & FiO2 >= 0.000))",1,0.1
451,"F[0,0](((Alkalinephos >= 0.000 & HCO3 <= 0.000) & SaO2 >= 0.000))",1,0.1
452,"F[0,0](((Platelets <= 0.000 & PTT >= 0.000) & Potassium <= 0.000))",1,0.1
453,"G[0,0]((((Hct >= 0.000 | O2Sat >= 0.000) -> Alkalinephos <= 0.000) -> Resp <= 0.000))",1,0.1
454,"G[0,0]((pH >= 0.000 | pH >= 0.000))",1,0.1
455,"G[0,0](((Hct <= 0.000 & Temp >= 0.000) -> SepsisLabel <= 0.000))",1,0.1
456,"G[0,0](((BUN <= 0.000 -> Phosphate <= 0.000) | Temp <= 0.000))",1,0.1
457,"G[0,0]((WBC <= 0.000 | O2Sat >= 0.000))",1,0.1
458,"G[0,0](((Hct <= 0.000 -> SepsisLabel >= 0.000) & WBC >= 0.000))",1,0.1
459,"G[0,0]((((Glucose <= 0.000 & DBP >= 0.000) | pH >= 0.000) -> TroponinI >= 0.000))",1,0.1
460,"G[0,0]((HCO3 <= 0.000 | Hct >= 0.000))",1,0.1
461,"G[0,0]((Glucose <= 0.000 -> SepsisLabel = 0.000))",1,0.1
462,"G[0,0](((Temp >= 0.000 & BaseExcess <= 0.000) | FiO2 <= 0.000))",1,0.1
463,"G[0,0]((TroponinI >= 0.000 -> SepsisLabel = 0.000))",1,0.1
464,"G[0,0](((Magnesium <= 0.000 | Phosphate <= 0.000) | Calcium >= 0.000))",1,0.1
465,"G[0,0]((Alkalinephos <= 0.000 -> Glucose <= 0.000))",1,0.1
466,"G[0,0]((SepsisLabel >= 0.000 | TroponinI >= 0.000))",1,0.1
467,"G[0,0]((((Platelets >= 0.000 -> Potassium >= 0.000) | Lactate >= 0.000) | SBP <= 0.000))",1,0.1
468,"G[0,0]((Calcium < 0.000 -> SepsisLabel = 0.000))",1,0.1
469,"G[0,0](((BUN >= 0.000 | Platelets <= 0.000) | O2Sat >= 0.000))",1,0.1
470,"G[0,0]((BUN >= 0.000 -> Calcium >= 0.000))",1,0.1
471,"G[0,0]((AST >= 0.000 -> BUN >= 0.000))",1,0.1
381,"((HCO3 >= 0.000) U[0,0] (WBC <= 0.000))",1,0.1
380,"((PTT >= 0.000) U[0,0] (WBC <= 0.000))",1,0.1
379,"F[0,0](((O2Sat <= 0.000 & FiO2 <= 0.000) & Bilirubin_total >= 0.000))",1,0.1
288,"G[0,0]((Hgb >= 0.000 -> Phosphate <= 0.000))",1,0.1
290,"G[0,0](((Hct >= 0.000 -> PTT >= 0.000) | O2Sat <= 0.000))",1,0.1
291,"G[0,0]((((PaCO2 >= 0.000 -> Phosphate >= 0.000) -> PTT <= 0.000) -> PaCO2 <= 0.000))",1,0.1
292,"G[0,0]((SepsisLabel <= 0.000 & Resp <= 0.000))",1,0.1
293,"F[0,0]((Magnesium <= 0.000 & pH >= 0.000))",1,0.1
294,"F[0,0](((HCO3 >= 0.000 | Phosphate >= 0.000) | SaO2 >= 0.000))",1,0.1
295,"F[0,0]((Phosphate >= 0.000 & Fibrinogen >= 0.000))",1,0.1
296,"F[0,0]((FiO2 >= 0.000 | Platelets >= 0.000))",1,0.1
297,"F[0,0]((((BUN <= 0.000 | Temp <= 0.000) -> BaseExcess >= 0.000) & SepsisLabel <= 0.000))",1,0.1
298,"F[0,0]((((BUN >= 0.000 -> Calcium >= 0.000) & Creatinine >= 0.000) | Fibrinogen >= 0.000))",1,0.1
299,"F[0,0]((Potassium >= 0.000 & SBP <= 0.000))",1,0.1
300,"G[0,0]((Platelets <= 0.000 & SepsisLabel = 0.000))",1,0.1
301,"G[0,0](((FiO2 <= 0.000 | PaCO2 >= 0.000) | Bilirubin_direct >= 0.000))",1,0.1
302,"G[0,0]((((HCO3 >= 0.000 | Hgb <= 0.000) -> AST <= 0.000) -> pH <= 0.000))",1,0.1
303,"G[0,0]((((Chloride <= 0.000 & pH <= 0.000) -> FiO2 >= 0.000) | Resp >= 0.000))",1,0.1
304,"G[0,0]((((FiO2 >= 0.000 & AST <= 0.000) -> WBC <= 0.000) -> Hct <= 0.000))",1,0.1
305,"G[0,0]((Resp >= 0.000 | Temp >= 0.000))",1,0.1
306,"G[0,0](((FiO2 <= 0.000 | BaseExcess <= 0.000) & Glucose <= 0.000))",1,0.1
307,"G[0,0]((Chloride >= 0.000 | DBP >= 0.000))",1,0.1
308,"G[0,0](((PaCO2 <= 0.000 -> Potassium <= 0.000) | SepsisLabel >= 0.000))",1,0.1
309,"G[0,0](((DBP >= 0.000 | Temp >= 0.000) | SepsisLabel >= 0.000))",1,0.1
310,"G[0,0](((AST >= 0.000 & BUN <= 0.000) -> DBP >= 0.000))",1,0.1
311,"G[0,0]((((HR >= 0.000 -> Bilirubin_total <= 0.000) | O2Sat >= 0.000) & Potassium <= 0.000))",1,0.1
312,"F[0,0](((BaseExcess <= 0.000 | Creatinine <= 0.000) -> DBP <= 0.000))",1,0.1
313,"((Chloride >= 0.000) U[0,0] (Hct >= 0.000))",1,0.1
314,"G[0,0]((((TroponinI >= 0.000 & Fibrinogen >= 0.000) -> Glucose >= 0.000) | TroponinI <= 0.000))",1,0.1
315,"G[0,0]((((Hct <= 0.000 & SaO2 >= 0.000) -> WBC <= 0.000) & FiO2 <= 0.000))",1,0.1
316,"G[0,0](((O2Sat <= 0.000 -> Potassium <= 0.000) | Potassium <= 0.000))",1,0.1
289,"G[0,0](((Resp <= 0.000 & WBC >= 0.000) -> WBC <= 0.000))",1,0.1
287,"G[0,0]((((HCO3 <= 0.000 & Potassium >= 0.000) -> Calcium >= 0.000) -> Hct <= 0.000))",1,0.1
378,"((Hct <= 0.000) U[0,0] (Phosphate >= 0.000))",1,0.1
286,"G[0,0]((MAP >= 0.000 & SepsisLabel = 0.000))",1,0.1
258,"G[0,0](((Hct >= 0.000 -> WBC >= 0.000) | Fibrinogen <= 0.000))",1,0.1
259,"G[0,0]((PaCO2 >= 0.000 -> pH >= 0.000))",1,0.1
260,"G[0,0]((((Creatinine <= 0.000 -> HR >= 0.000) -> O2Sat <= 0.000) | MAP >= 0.000))",1,0.1
261,"G[0,0]((((Hgb >= 0.000 | PTT <= 0.000) -> BUN <= 0.000) | HR >= 0.000))",1,0.1
262,"G[0,0]((((Hct >= 0.000 & Platelets >= 0.000) & PaCO2 >= 0.000) | Bilirubin_total <= 0.000))",1,0.1
263,"G[0,0]((((HCO3 <= 0.000 -> HR >= 0.000) & Hgb >= 0.000) -> Resp <= 0.000))",1,0.1
264,"G[0,0]((((Bilirubin_total >= 0.000 | Bilirubin_direct <= 0.000) | SBP >= 0.000) -> Calcium >= 0.000))",1,0.1
265,"G[0,0](((Bilirubin_total <= 0.000 & Fibrinogen <= 0.000) | Bilirubin_total >= 0.000))",1,0.1
266,"G[0,0]((((PTT >= 0.000 -> Calcium >= 0.000) | Hgb >= 0.000) & SaO2 <= 0.000))",1,0.1
267,"G[0,0]((((Chloride >= 0.000 -> HR >= 0.000) | SBP >= 0.000) & SBP >= 0.000))",1,0.1
268,"F[0,0]((((HR <= 0.000 | pH <= 0.000) -> FiO2 <= 0.000) -> PTT >= 0.000))",1,0.1
269,"F[0,0](((Alkalinephos >= 0.000 & PTT <= 0.000) -> Bilirubin_direct >= 0.000))",1,0.1
270,"((Chloride <= 0.000) U[0,0] (PTT >= 0.000))",1,0.1
271,"((Calcium >= 0.000) U[0,0] (Phosphate >= 0.000))",1,0.1
272,"((Bilirubin_direct <= 0.000) U[0,0] (Phosphate >= 0.000))",1,0.1
273,"G[0,0]((((BaseExcess <= 0.000 -> FiO2 <= 0.000) & BUN <= 0.000) | Magnesium <= 0.000))",1,0.1
274,"G[0,0]((WBC >= 0.000 -> Platelets <= 0.000))",1,0.1
275,"G[0,0]((Platelets >= 0.000 -> PTT >= 0.000))",1,0.1
276,"G[0,0](((Hgb <= 0.000 | WBC <= 0.000) | PTT <= 0.000))",1,0.1
277,"G[0,0]((((Magnesium <= 0.000 | Platelets <= 0.000) & PaCO2 <= 0.000) | Fibrinogen >= 0.000))",1,0.1
278,"F[0,0](((BaseExcess <= 0.000 & BUN >= 0.000) | Fibrinogen >= 0.000))",1,0.1
279,"F[0,0]((((DBP >= 0.000 -> Hct <= 0.000) & BUN <= 0.000) -> Phosphate >= 0.000))",1,0.1
280,"((DBP <= 0.000) U[0,0] (O2Sat <= 0.000))",1,0.1
281,"((Glucose >= 0.000) U[0,0] (PTT >= 0.000))",1,0.1
282,"F[0,0]((EtCO2 >= 0.000 & PaCO2 >= 0.000))",1,0.1
283,"F[0,0]((BaseExcess <= 0.000 -> Hct >= 0.000))",1,0.1
285,"G[0,0](((BaseExcess >= 0.000 -> DBP <= 0.000) | SaO2 >= 0.000))",1,0.1
317,"G[0,0]((SepsisLabel >= 0.000 | Glucose >= 0.000))",1,0.1
318,"G[0,0](((HCO3 <= 0.000 -> HR >= 0.000) | Magnesium <= 0.000))",1,0.1
319,"G[0,0](((BUN >= 0.000 -> HCO3 <= 0.000) | HCO3 >= 0.000))",1,0.1
320,"G[0,0]((((Hct <= 0.000 -> HR >= 0.000) | SepsisLabel >= 0.000) -> Lactate <= 0.000))",1,0.1
351,"G[0,0](((SBP <= 0.000 | Bilirubin_direct >= 0.000) -> SaO2 >= 0.000))",1,0.1
352,"G[0,0](((SBP >= 0.000 & DBP <= 0.000) -> SaO2 <= 0.000))",1,0.1
353,"G[0,0]((((Calcium >= 0.000 -> Phosphate <= 0.000) -> Fibrinogen <= 0.000) | Magnesium <= 0.000))",1,0.1
354,"G[0,0]((SBP >= 0.000 -> SepsisLabel = 0.000))",1,0.1
355,"G[0,0]((((HR >= 0.000 & pH >= 0.000) & Alkalinephos >= 0.000) -> Phosphate <= 0.000))",1,0.1
356,"G[0,0]((((BaseExcess >= 0.000 & Magnesium >= 0.000) | Hgb >= 0.000) -> WBC <= 0.000))",1,0.1
357,"G[0,0]((SepsisLabel <= 0.000 -> SepsisLabel = 0.000))",1,0.1
358,"G[0,0]((PaCO2 <= 0.000 -> SepsisLabel = 0.000))",1,0.1
359,"G[0,0]((((HCO3 >= 0.000 -> Creatinine >= 0.000) | Bilirubin_total <= 0.000) | Creatinine >= 0.000))",1,0.1
360,"G[0,0](((Phosphate >= 0.000 & Temp >= 0.000) | Bilirubin_total <= 0.000))",1,0.1
361,"G[0,0]((((Chloride <= 0.000 & Glucose <= 0.000) -> WBC <= 0.000) | SaO2 <= 0.000))",1,0.1
362,"G[0,0](((SaO2 >= 0.000 & Temp <= 0.000) -> O2Sat >= 0.000))",1,0.1
363,"G[0,0]((Hgb < 0.000 & SepsisLabel = 0.000))",1,0.1
364,"G[0,0](((Alkalinephos <= 0.000 & SBP <= 0.000) -> Alkalinephos <= 0.000))",1,0.1
365,"G[0,0]((SaO2 > 0.000 -> SepsisLabel = 0.000))",1,0.1
366,"G[0,0]((((Temp <= 0.000 | Alkalinephos <= 0.000) & Potassium >= 0.000) -> Potassium >= 0.000))",1,0.1
367,"G[0,0]((((HCO3 >= 0.000 -> SaO2 <= 0.000) | Chloride >= 0.000) -> AST <= 0.000))",1,0.1
368,"G[0,0]((Hgb >= 0.000 -> Hgb <= 0.000))",1,0.1
369,"G[0,0]((((AST >= 0.000 -> DBP <= 0.000) & Alkalinephos >= 0.000) -> Phosphate <= 0.000))",1,0.1
370,"G[0,0](((Hct <= 0.000 | PTT >= 0.000) | Fibrinogen >= 0.000))",1,0.1
371,"G[0,0](((Lactate >= 0.000 | Calcium >= 0.000) & Lactate <= 0.000))",1,0.1
372,"G[0,0](((BaseExcess >= 0.000 | SepsisLabel >= 0.000) | O2Sat >= 0.000))",1,0.1
373,"G[0,0](((HR <= 0.000 -> BaseExcess <= 0.000) -> SepsisLabel <= 0.000))",1,0.1
374,"G[0,0]((((BUN >= 0.000 & Creatinine <= 0.000) | Bilirubin_direct <= 0.000) | Temp <= 0.000))",1,0.1
375,"G[0,0]((((Calcium <= 0.000 | SaO2 >= 0.000) -> SepsisLabel >= 0.000) -> MAP >= 0.000))",1,0.1
376,"G[0,0]((((Hgb <= 0.000 -> Potassium <= 0.000) & SepsisLabel >= 0.000) -> Creatinine >= 0.000))",1,0.1
377,"G[0,0]((DBP <= 0.000 -> pH <= 0.000))",1,0.1
350,"G[0,0]((PTT <= 0.000 | Calcium <= 0.000))",1,0.1
349,"((Potassium >= 0.000) U[0,0] (PTT >= 0.000))",1,0.1
348,"F[0,0]((((pH >= 0.000 -> Temp <= 0.000) | PTT >= 0.000) & Creatinine >= 0.000))",1,0.1
333,"G[0,0]((((Temp <= 0.000 | Alkalinephos >= 0.000) | AST <= 0.000) & Bilirubin_total <= 0.000))",1,0.1
321,"F[0,0](((Calcium <= 0.000 | HR <= 0.000) -> DBP >= 0.000))",1,0.1
322,"G[0,0]((EtCO2 >= 0.000 -> SepsisLabel = 0.000))",1,0.1
323,"G[0,0]((((pH <= 0.000 | Resp <= 0.000) | Resp <= 0.000) | PTT <= 0.000))",1,0.1
324,"G[0,0]((EtCO2 >= 0.000 & EtCO2 >= 0.000))",1,0.1
325,"G[0,0](((SepsisLabel >= 0.000 | PTT >= 0.000) -> BaseExcess <= 0.000))",1,0.1
326,"G[0,0]((((Bilirubin_total >= 0.000 -> SBP >= 0.000) & pH >= 0.000) | WBC <= 0.000))",1,0.1
327,"G[0,0]((((BaseExcess >= 0.000 & Platelets >= 0.000) -> Temp <= 0.000) -> AST <= 0.000))",1,0.1
328,"G[0,0]((((Hgb <= 0.000 | HCO3 >= 0.000) -> Potassium <= 0.000) -> BaseExcess <= 0.000))",1,0.1
329,"G[0,0](((AST >= 0.000 & Magnesium >= 0.000) -> Hgb <= 0.000))",1,0.1
330,"G[0,0]((Alkalinephos <= 0.000 & Phosphate <= 0.000))",1,0.1
331,"G[0,0]((Chloride <= 0.000 | HCO3 >= 0.000))",1,0.1
332,"G[0,0]((((Phosphate >= 0.000 | Hgb <= 0.000) | AST <= 0.000) | BUN <= 0.000))",1,0.1
334,"G[0,0]((((SaO2 >= 0.000 & Fibrinogen >= 0.000) & Fibrinogen >= 0.000) | SaO2 >= 0.000))",1,0.1
347,"F[0,0]((((Resp >= 0.000 -> Temp >= 0.000) -> Creatinine <= 0.000) & AST >= 0.000))",1,0.1
335,"G[0,0](((BUN >= 0.000 -> Calcium >= 0.000) -> BaseExcess <= 0.000))",1,0.1
336,"G[0,0]((Glucose >= 0.000 -> Creatinine <= 0.000))",1,0.1
337,"G[0,0](((AST >= 0.000 | Chloride >= 0.000) | pH <= 0.000))",1,0.1
338,"F[0,0]((pH >= 0.000 & Temp >= 0.000))",1,0.1
339,"F[0,0](((HR <= 0.000 & Potassium <= 0.000) & Calcium >= 0.000))",1,0.1
340,"F[0,0](((Creatinine <= 0.000 | MAP >= 0.000) & Phosphate >= 0.000))",1,0.1
341,"G[0,0](((Lactate >= 0.000 | BaseExcess <= 0.000) | SepsisLabel <= 0.000))",1,0.1
342,"F[0,0]((((Platelets <= 0.000 | PTT <= 0.000) & Bilirubin_total >= 0.000) & DBP >= 0.000))",1,0.1
343,"F[0,0](((pH >= 0.000 & BUN >= 0.000) & EtCO2 <= 0.000))",1,0.1
344,"((Chloride <= 0.000) U[0,0] (Magnesium >= 0.000))",1,0.1
345,"F[0,0]((((WBC <= 0.000 | PTT <= 0.000) -> Resp <= 0.000) & Creatinine >= 0.000))",1,0.1
346,"F[0,0]((WBC >= 0.000 & FiO2 >= 0.000))",1,0.1
998,"G[0,0]((Platelets <= 0.000 -> Resp <= 0.000))",1,0.1
